Date,Open,High,Low,Close,adjClose,Volume,divCash,Stock Splits
2021-04-01,36.12772750854492,36.265159606933594,35.53759002685547,36.176231384277344,35.512351989746094,6050538,0.0,0.0
2021-04-05,36.58043670654297,36.936134338378906,36.35408020019531,36.701698303222656,36.028175354003906,2765066,0.0,0.0
2021-04-06,36.62085723876953,36.75828552246094,36.265159606933594,36.402587890625,35.73455810546875,3175874,0.0,0.0
2021-04-07,36.41875457763672,36.6936149597168,36.28132629394531,36.57235336303711,35.901206970214844,2248124,0.0,0.0
2021-04-08,36.63702392578125,36.709781646728516,36.378334045410156,36.58852005004883,35.917076110839844,1792660,0.0,0.0
2021-04-09,36.59660339355469,36.822959899902344,36.30557632446289,36.80678939819336,36.13134002685547,2654231,0.0,0.0
2021-04-12,36.75828552246094,37.35650634765625,36.67744445800781,37.1544075012207,36.47258377075195,2141866,0.0,0.0
2021-04-13,37.18674087524414,37.18674087524414,36.709781646728516,36.79062271118164,36.115474700927734,2213117,0.0,0.0
2021-04-14,36.78253936767578,37.24333190917969,36.58043670654297,36.6936149597168,36.02024459838867,3625647,0.0,0.0
2021-04-15,36.887630462646484,37.40501022338867,36.822959899902344,37.39692687988281,36.71065139770508,2390379,0.0,0.0
2021-04-16,37.34842300415039,37.66370391845703,37.06547927856445,37.275665283203125,36.591609954833984,2266060,0.0,0.0
2021-04-19,37.380760192871094,37.74454116821289,36.887630462646484,37.01697540283203,36.33766555786133,2109332,0.0,0.0
2021-04-20,36.887630462646484,36.99272537231445,35.53759002685547,35.73969268798828,35.083831787109375,3490319,0.0,0.0
2021-04-21,35.73160934448242,36.5076789855957,35.56992721557617,36.499595642089844,35.82978439331055,2168090,0.0,0.0
2021-04-22,36.475345611572266,36.7987060546875,36.18431854248047,36.39450454711914,35.726619720458984,2188129,0.0,0.0
2021-04-23,36.491512298583984,36.68553161621094,36.313663482666016,36.64510726928711,35.972625732421875,1943822,0.0,0.0
2021-04-26,36.887630462646484,36.96847152709961,36.52384948730469,36.709781646728516,36.036109924316406,1510253,0.0,0.0
2021-04-27,36.725948333740234,36.879547119140625,36.45917510986328,36.725948333740234,36.05198287963867,1530169,0.0,0.0
2021-04-28,36.8310432434082,37.13015365600586,36.64510726928711,36.94422149658203,36.26625061035156,4042021,0.0,0.0
2021-04-29,37.16249084472656,37.52627182006836,36.90380096435547,37.210994720458984,36.52812957763672,1780167,0.0,0.0
2021-04-30,37.07356643676758,37.1220703125,36.774452209472656,36.84720993041992,36.1710205078125,2131475,0.0,0.0
2021-05-03,37.025062561035156,37.18674087524414,36.879547119140625,36.96847152709961,36.29005432128906,1621707,0.0,0.0
2021-05-04,36.814876556396484,36.91996765136719,36.1115608215332,36.58852005004883,35.917076110839844,2387534,0.0,0.0
2021-05-05,36.96847152709961,37.23524856567383,36.59660339355469,36.73403549194336,36.05991744995117,4343849,0.0,0.0
2021-05-06,36.814876556396484,36.98463821411133,36.491512298583984,36.97655487060547,36.29798889160156,1743675,0.0,0.0
2021-05-07,36.871463775634766,37.776878356933594,36.8310432434082,37.542442321777344,36.853492736816406,2699134,0.0,0.0
2021-05-10,37.71220779418945,38.01131820678711,37.202911376953125,37.2271614074707,36.544002532958984,2107106,0.0,0.0
2021-05-11,36.74211883544922,37.105899810791016,36.321746826171875,37.033145904541016,36.353538513183594,2841513,0.0,0.0
2021-05-12,36.78253936767578,37.19482421875,36.168148040771484,36.168148040771484,35.50442123413086,3112045,0.0,0.0
2021-05-13,36.8310432434082,37.259498596191406,36.41875457763672,36.80678939819336,36.13134002685547,3113653,0.0,0.0
2021-05-14,37.18674087524414,39.22393035888672,37.097816467285156,39.11075210571289,38.39301681518555,5276918,0.0,0.0
2021-05-17,38.96523666381836,39.66046905517578,38.633792877197266,39.40986251831055,38.6866455078125,2985376,0.0,0.0
2021-05-18,39.40986251831055,40.307193756103516,39.34518814086914,39.61196517944336,38.88503646850586,3578641,0.0,0.0
2021-05-19,39.046077728271484,39.55537414550781,38.496360778808594,39.47453689575195,38.7501335144043,3577651,0.0,0.0
2021-05-20,39.684722900390625,40.12934494018555,39.56346130371094,39.700889587402344,38.97233200073242,3048710,0.0,0.0
2021-05-21,39.83831787109375,39.95149612426758,39.15117263793945,39.523040771484375,38.79774475097656,2623430,0.0,0.0
2021-05-24,39.49878692626953,39.935325622558594,39.46644973754883,39.902992248535156,39.17072296142578,1907578,0.0,0.0
2021-05-25,39.94341278076172,40.43653869628906,39.78981399536133,39.88682174682617,39.15484619140625,3882201,0.0,0.0
2021-05-26,39.919158935546875,40.3233642578125,39.64430236816406,40.17784881591797,39.44053649902344,2739089,0.0,0.0
2021-05-27,40.37186813354492,40.743736267089844,40.17784881591797,40.55780029296875,39.917930603027344,4217675,0.105093,0.0
2021-05-28,40.70331573486328,40.83266067504883,40.38803482055664,40.695228576660156,40.053184509277344,2570981,0.0,0.0
2021-06-01,40.970088958740234,41.026676177978516,40.476959228515625,40.56588363647461,39.92588424682617,3402616,0.0,0.0
2021-06-02,40.72756576538086,40.7518196105957,40.18593215942383,40.3961181640625,39.7587890625,2283749,0.0,0.0
2021-06-03,40.097007751464844,40.59013748168945,39.87873840332031,40.420372009277344,39.78267288208008,2516924,0.0,0.0
2021-06-04,40.72756576538086,40.77606964111328,40.307193756103516,40.468875885009766,39.83041000366211,1984890,0.0,0.0
2021-06-07,40.55780029296875,40.800323486328125,40.404205322265625,40.52546310424805,39.886104583740234,2010496,0.0,0.0
2021-06-08,40.59013748168945,40.71139907836914,40.37995147705078,40.44462585449219,39.80654525756836,2693196,0.0,0.0
2021-06-09,40.44462585449219,40.52546310424805,40.024253845214844,40.05658721923828,39.42462158203125,1974994,0.0,0.0
2021-06-10,40.33953094482422,40.3961181640625,39.84640121459961,40.3233642578125,39.68718719482422,2470289,0.0,0.0
2021-06-11,40.3233642578125,40.460792541503906,40.04042053222656,40.12126159667969,39.488277435302734,1969551,0.0,0.0
2021-06-14,40.088924407958984,40.20210266113281,39.902992248535156,40.088924407958984,39.45644760131836,2170811,0.0,0.0
2021-06-15,40.064674377441406,40.73564910888672,40.04042053222656,40.49312973022461,39.85428237915039,2852027,0.0,0.0
2021-06-16,40.53355026245117,41.20452880859375,40.476959228515625,40.54163360595703,39.90201950073242,6545462,0.0,0.0
2021-06-17,40.622474670410156,40.67906188964844,39.80598068237305,39.83023452758789,39.20184326171875,3996129,0.0,0.0
2021-06-18,39.587711334228516,39.87873840332031,39.183509826660156,39.514957427978516,38.89154052734375,5770976,0.0,0.0
2021-06-21,39.765560150146484,40.27486038208008,39.5715446472168,40.18593215942383,39.55192947387695,2658189,0.0,0.0
2021-06-22,40.20210266113281,40.800323486328125,40.0323371887207,40.67097854614258,40.02932357788086,3625400,0.0,0.0
2021-06-23,40.87308120727539,40.87308120727539,40.20210266113281,40.582054138183594,39.94179916381836,2849058,0.0,0.0
2021-06-24,40.90541458129883,41.899757385253906,40.76798629760742,41.77849578857422,41.11936569213867,3440221,0.0,0.0
2021-06-25,41.91592788696289,42.20695114135742,41.58448028564453,42.19886779785156,41.533103942871094,4512452,0.0,0.0
2021-06-28,41.843170166015625,42.46564483642578,41.55214309692383,42.021018981933594,41.358062744140625,4089769,0.0,0.0
2021-06-29,42.077606201171875,42.409053802490234,41.64915084838867,42.400970458984375,41.73202133178711,4046598,0.0,0.0
2021-06-30,42.21503448486328,42.384803771972656,41.131771087646484,41.21261215209961,40.56241226196289,4015055,0.0,0.0
2021-07-01,41.26919937133789,41.87550354003906,41.26919937133789,41.77041244506836,41.11140823364258,1818637,0.0,0.0
2021-07-02,41.80274963378906,42.03718566894531,41.22877883911133,41.49555587768555,40.84088897705078,3084831,0.0,0.0
2021-07-06,41.4066276550293,41.4066276550293,40.856910705566406,41.26919937133789,40.61810302734375,3765675,0.0,0.0
2021-07-07,41.341957092285156,41.341957092285156,40.88116455078125,41.1479377746582,40.498756408691406,3064420,0.0,0.0
2021-07-08,40.44462585449219,40.816490173339844,39.81406784057617,40.67097854614258,40.02932357788086,4684024,0.0,0.0
2021-07-09,41.08326721191406,41.4713020324707,40.816490173339844,41.43896484375,40.785186767578125,2401264,0.0,0.0
2021-07-12,41.3338737487793,41.41471481323242,41.026676177978516,41.24494552612305,40.59423828125,2349805,0.0,0.0
2021-07-13,41.03476333618164,41.1479377746582,40.485042572021484,40.816490173339844,40.17253875732422,5124891,0.0,0.0
2021-07-14,40.962005615234375,41.16410827636719,40.77606964111328,40.94583511352539,40.299842834472656,3031269,0.0,0.0
2021-07-15,40.72756576538086,40.91350173950195,40.50121307373047,40.76798629760742,40.124794006347656,3231415,0.0,0.0
2021-07-16,40.88924789428711,40.92966842651367,40.01616668701172,40.072757720947266,39.4405403137207,3873913,0.0,0.0
2021-07-19,39.377525329589844,39.45028305053711,38.261924743652344,38.706546783447266,38.095882415771484,7859527,0.0,0.0
2021-07-20,38.714630126953125,39.83023452758789,38.52061462402344,39.757476806640625,39.13022994995117,4359683,0.0,0.0
2021-07-21,40.16976547241211,41.350040435791016,40.1050910949707,41.20452880859375,40.5544548034668,2754181,0.0,0.0
2021-07-22,41.20452880859375,41.7946662902832,40.99434280395508,41.576393127441406,40.92045593261719,5619567,0.0,0.0
2021-07-23,41.97251510620117,42.27970886230469,41.20452880859375,41.39046096801758,40.737449645996094,9968736,0.0,0.0
2021-07-26,41.22877883911133,41.358123779296875,40.87308120727539,40.978172302246094,40.331668853759766,6242644,0.0,0.0
2021-07-27,40.743736267089844,42.35246658325195,40.67906188964844,42.158447265625,41.49332046508789,4262331,0.0,0.0
2021-07-28,42.19886779785156,43.41956329345703,41.94826126098633,43.3063850402832,42.62314987182617,4121808,0.0,0.0
2021-07-29,43.597412109375,44.30072784423828,43.19321060180664,44.13904571533203,43.44267272949219,8243244,0.0,0.0
2021-07-30,43.831851959228516,44.381568908691406,43.516571044921875,43.64591979980469,42.95732116699219,4562303,0.0,0.0
2021-08-02,44.009700775146484,44.27647399902344,43.54890823364258,43.734840393066406,43.04484939575195,3353507,0.0,0.0
2021-08-03,43.524654388427734,44.08245849609375,43.38722610473633,44.009700775146484,43.31536865234375,3708155,0.0,0.0
2021-08-04,43.86418914794922,45.18189239501953,43.80759811401367,44.567501068115234,43.8643684387207,4612526,0.0,0.0
2021-08-05,44.68876266479492,45.16572570800781,44.63217544555664,45.13338851928711,44.42133712768555,2091520,0.0,0.0
2021-08-06,45.270816802978516,46.06305694580078,45.18997573852539,45.84478759765625,45.12150192260742,4669551,0.0,0.0
2021-08-09,46.0792236328125,46.168148040771484,45.56992721557617,46.11964416503906,45.39202117919922,4255156,0.0,0.0
2021-08-10,46.19240188598633,46.75020217895508,46.19240188598633,46.30557632446289,45.57502365112305,2482041,0.0,0.0
2021-08-11,46.329830169677734,46.64510726928711,46.06305694580078,46.386417388916016,45.65458679199219,3634059,0.0,0.0
2021-08-12,46.337913513183594,46.491512298583984,44.13096237182617,45.7154426574707,44.994197845458984,5575530,0.0,0.0
2021-08-13,45.96604537963867,46.216651916503906,45.55376052856445,45.820533752441406,45.097633361816406,2615265,0.0,0.0
2021-08-16,45.675018310546875,46.03880310058594,45.56992721557617,45.81245040893555,45.08967590332031,3434654,0.0,0.0
2021-08-17,45.51333999633789,45.52950668334961,44.30072784423828,44.664512634277344,43.95984649658203,6489797,0.0,0.0
2021-08-18,44.898948669433594,45.54567337036133,44.70492935180664,45.060630798339844,44.34971618652344,3040299,0.0,0.0
2021-08-19,44.46240997314453,44.49474334716797,44.009700775146484,44.13904571533203,43.44267272949219,1973510,0.0,0.0
2021-08-20,44.12287902832031,45.036376953125,43.87227249145508,45.01212692260742,44.301979064941406,2379493,0.0,0.0
2021-08-23,45.278900146484375,45.7154426574707,45.23039627075195,45.270816802978516,44.55659103393555,2502698,0.0,0.0
2021-08-24,45.278900146484375,45.48908615112305,44.785770416259766,45.060630798339844,44.34971618652344,2226353,0.0,0.0
2021-08-25,45.15763854980469,45.7154426574707,45.02021026611328,45.58609390258789,44.86689376831055,1910423,0.0,0.0
2021-08-26,45.63460159301758,45.828617095947266,45.47291946411133,45.53759002685547,44.819156646728516,1445806,0.0,0.0
2021-08-27,45.57801055908203,46.19240188598633,45.56184387207031,46.0468864440918,45.32041549682617,1887415,0.0,0.0
2021-08-30,46.24090576171875,46.28132629394531,45.54567337036133,45.56992721557617,44.95357894897461,3714835,0.105093,0.0
2021-08-31,45.48100280761719,45.772029876708984,44.898948669433594,44.90703201293945,44.299652099609375,3252568,0.0,0.0
2021-09-01,45.29507064819336,45.96604537963867,44.898948669433594,45.69118881225586,45.07320022583008,1982664,0.0,0.0
2021-09-02,45.85287094116211,46.12772750854492,45.79627990722656,46.03071975708008,45.40813446044922,1437023,0.0,0.0
2021-09-03,46.12772750854492,46.12772750854492,45.602264404296875,45.9741325378418,45.35232162475586,1354144,0.0,0.0
2021-09-07,45.69118881225586,45.96604537963867,45.51333999633789,45.56184387207031,44.94560623168945,1551074,0.0,0.0
2021-09-08,45.3597412109375,45.54567337036133,45.01212692260742,45.19805908203125,44.58673858642578,1441352,0.0,0.0
2021-09-09,45.20614242553711,45.84478759765625,44.97170639038086,45.19805908203125,44.58673858642578,2404110,0.0,0.0
2021-09-10,45.55376052856445,45.58609390258789,44.5351676940918,44.5351676940918,43.93281555175781,1514830,0.0,0.0
2021-09-13,44.85852813720703,45.18997573852539,44.737266540527344,45.101051330566406,44.49104309082031,2091643,0.0,0.0
2021-09-14,45.19805908203125,45.278900146484375,44.58367156982422,44.62409210205078,44.02053451538086,1439992,0.0,0.0
2021-09-15,44.68876266479492,45.052547454833984,44.324981689453125,44.898948669433594,44.29167938232422,1690484,0.0,0.0
2021-09-16,44.79385757446289,45.117218017578125,44.25222396850586,44.59983825683594,43.996612548828125,1252957,0.0,0.0
2021-09-17,44.3492317199707,44.59175491333008,43.435733795166016,43.621665954589844,43.03166961669922,3340271,0.0,0.0
2021-09-20,42.82942581176758,42.8779296875,41.7946662902832,42.32012939453125,41.747737884521484,2629738,0.0,0.0
2021-09-21,42.80517578125,44.381568908691406,42.71624755859375,44.017784118652344,43.42242431640625,4085193,0.0,0.0
2021-09-22,44.42198944091797,45.214229583740234,44.14712905883789,44.95553970336914,44.34749984741211,3022857,0.0,0.0
2021-09-23,45.270816802978516,45.763946533203125,45.222312927246094,45.424415588378906,44.81003189086914,3608205,0.0,0.0
2021-09-24,45.08488464355469,45.37590789794922,44.68067932128906,45.262733459472656,44.650535583496094,1534127,0.0,0.0
2021-09-27,45.25464630126953,45.35165786743164,44.70492935180664,44.92320251464844,44.31560134887695,2294140,0.0,0.0
2021-09-28,44.46240997314453,44.46240997314453,43.516571044921875,43.60549545288086,43.015716552734375,3993407,0.0,0.0
2021-09-29,43.75909423828125,43.831851959228516,42.974937438964844,43.120452880859375,42.537235260009766,2854130,0.0,0.0
2021-09-30,43.31446838378906,43.8884391784668,43.063865661621094,43.25788116455078,42.67280578613281,3657562,0.0,0.0
2021-10-01,43.53274154663086,44.36539840698242,43.063865661621094,44.15521240234375,43.55799865722656,2313809,0.0,0.0
2021-10-04,44.04203796386719,44.11479568481445,43.03961181640625,43.48423767089844,42.89609909057617,1909928,0.0,0.0
2021-10-05,43.65400314331055,44.163299560546875,43.443817138671875,43.848018646240234,43.25495910644531,1292047,0.0,0.0
2021-10-06,43.26596450805664,44.08245849609375,43.16087341308594,43.92885971069336,43.33470916748047,1639272,0.0,0.0
2021-10-07,44.40582275390625,45.55376052856445,44.40582275390625,45.109134674072266,44.49901580810547,1815916,0.0,0.0
2021-10-08,45.117218017578125,45.602264404296875,44.81002426147461,45.51333999633789,44.897762298583984,1592761,0.0,0.0
2021-10-11,45.4648323059082,45.73969268798828,45.31932067871094,45.448665618896484,44.83395767211914,1150905,0.0,0.0
2021-10-12,45.448665618896484,45.79627990722656,45.31932067871094,45.59417724609375,44.977500915527344,1376410,0.0,0.0
2021-10-13,45.81245040893555,45.9741325378418,45.31123733520508,45.89329147338867,45.2725715637207,1092890,0.0,0.0
2021-10-14,46.09539031982422,47.00080871582031,46.09539031982422,46.96038818359375,46.325233459472656,1679599,0.0,0.0
2021-10-15,47.437347412109375,47.590946197509766,47.24333190917969,47.47776794433594,46.83561706542969,1469680,0.0,0.0
2021-10-18,47.25141525268555,47.380760192871094,46.98463821411133,47.34033966064453,46.70004653930664,808874,0.0,0.0
2021-10-19,47.67178726196289,47.69603729248047,47.219078063964844,47.421180725097656,46.77979278564453,1547982,0.0,0.0
2021-10-20,47.49393844604492,48.39126968383789,47.31608581542969,48.253841400146484,47.601192474365234,1849191,0.0,0.0
2021-10-21,48.253841400146484,48.868228912353516,48.08407211303711,48.811641693115234,48.15144729614258,1565176,0.0,0.0
2021-10-22,48.9894905090332,49.377525329589844,48.68229675292969,49.32093811035156,48.65385818481445,1317158,0.0,0.0
2021-10-25,49.27243423461914,49.80598068237305,48.9571533203125,49.71705627441406,49.04461669921875,1536725,0.0,0.0
2021-10-26,50.04850387573242,50.097007751464844,49.39369583129883,49.523040771484375,48.85322189331055,1556270,0.0,0.0
2021-10-27,49.3128547668457,49.71705627441406,49.029911041259766,49.05416488647461,48.390689849853516,2680579,0.0,0.0
2021-10-28,49.183509826660156,50.072757720947266,49.183509826660156,50.0,49.323734283447266,1864901,0.0,0.0
2021-10-29,49.65238571166992,50.080841064453125,48.76313781738281,48.819725036621094,48.159423828125,2802547,0.0,0.0
2021-11-01,49.00565719604492,49.23201370239258,48.56911849975586,48.73888397216797,48.079673767089844,1876282,0.0,0.0
2021-11-02,48.74696731567383,49.55537414550781,48.52061462402344,48.819725036621094,48.159423828125,1944440,0.0,0.0
2021-11-03,48.860145568847656,49.13500213623047,48.310428619384766,49.07033157348633,48.40663528442383,1526211,0.0,0.0
2021-11-04,48.84397888183594,49.27243423461914,48.55295181274414,48.9571533203125,48.29499053955078,1051821,0.0,0.0
2021-11-05,49.361358642578125,50.064674377441406,49.34518814086914,49.78173065185547,49.10841751098633,1505553,0.0,0.0
2021-11-08,50.097007751464844,50.28294372558594,49.5715446472168,49.7089729309082,49.03664016723633,1052440,0.0,0.0
2021-11-09,49.700889587402344,50.080841064453125,49.24009704589844,49.66046905517578,48.988792419433594,1355999,0.0,0.0
2021-11-10,49.28860092163086,49.28860092163086,48.72271728515625,48.82780838012695,48.167396545410156,1551445,0.0,0.0
2021-11-11,49.45836639404297,49.45836639404297,47.50202178955078,47.64753341674805,47.00308609008789,1920443,0.0,0.0
2021-11-12,47.704124450683594,49.7089729309082,47.704124450683594,48.79547119140625,48.135498046875,2813804,0.0,0.0
2021-11-15,48.94906997680664,49.48262023925781,47.79304885864258,47.87388610839844,47.226375579833984,1854758,0.0,0.0
2021-11-16,47.89005661010742,48.326595306396484,47.89005661010742,48.07598876953125,47.425743103027344,1484895,0.0,0.0
2021-11-17,48.05173873901367,48.36701583862305,47.63136672973633,47.987064361572266,47.3380241394043,1929596,0.0,0.0
2021-11-18,48.01131820678711,48.464027404785156,47.63945007324219,47.99515151977539,47.34599685668945,984776,0.0,0.0
2021-11-19,47.704124450683594,48.18916702270508,47.25141525268555,48.18108367919922,47.5294189453125,1536725,0.0,0.0
2021-11-22,48.35084915161133,48.77930450439453,47.51010513305664,47.57477951049805,46.931312561035156,1226857,0.0,0.0
2021-11-23,47.4858512878418,47.67987060546875,46.62085723876953,47.267581939697266,46.62826919555664,1669208,0.0,0.0
2021-11-24,46.97655487060547,47.841552734375,46.895713806152344,47.79304885864258,47.14663314819336,1107486,0.0,0.0
2021-11-26,46.475345611572266,46.74211883544922,45.91754150390625,46.52384948730469,45.894596099853516,1155977,0.0,0.0
2021-11-29,46.936134338378906,47.52627182006836,46.564266204833984,46.822959899902344,46.29423904418945,1785362,0.105093,0.0
2021-11-30,46.548099517822266,46.66936111450195,45.17380905151367,45.40824508666992,44.8954963684082,2694928,0.0,0.0
2021-12-01,45.998382568359375,46.28940963745117,44.785770416259766,44.785770416259766,44.280052185058594,3063925,0.0,0.0
2021-12-02,44.947452545166016,46.41067123413086,44.882781982421875,46.168148040771484,45.646820068359375,1605502,0.0,0.0
2021-12-03,46.28940963745117,46.661277770996094,44.341148376464844,44.86661148071289,44.359981536865234,2524222,0.0,0.0
2021-12-06,45.610347747802734,46.66936111450195,45.286983489990234,46.313663482666016,45.79069137573242,1851542,0.0,0.0
2021-12-07,47.372676849365234,47.95472717285156,47.24333190917969,47.63136672973633,47.09352111816406,1491327,0.0,0.0
2021-12-08,47.64753341674805,47.930477142333984,47.0897331237793,47.19482421875,46.661903381347656,1065799,0.0,0.0
2021-12-09,46.92805099487305,47.23524856567383,46.564266204833984,46.7987060546875,46.270259857177734,941728,0.0,0.0
2021-12-10,47.097816467285156,47.29991912841797,46.75020217895508,47.19482421875,46.661903381347656,1047368,0.0,0.0
2021-12-13,46.97655487060547,47.13823699951172,46.62894058227539,46.91996765136719,46.3901481628418,1536230,0.0,0.0
2021-12-14,46.34599685668945,47.0897331237793,46.329830169677734,46.58043670654297,46.0544548034668,2131970,0.0,0.0
2021-12-15,46.59660339355469,47.95472717285156,46.25707244873047,47.72029113769531,47.18143844604492,1866386,0.0,0.0
2021-12-16,47.776878356933594,48.07598876953125,47.0897331237793,47.13823699951172,46.605953216552734,1787094,0.0,0.0
2021-12-17,46.62085723876953,46.98463821411133,45.836700439453125,46.337913513183594,45.814666748046875,1387048,0.0,0.0
2021-12-20,45.56992721557617,46.08730697631836,45.13338851928711,45.73969268798828,45.22320556640625,1185293,0.0,0.0
2021-12-21,46.24898910522461,47.13015365600586,46.20048522949219,46.774452209472656,46.246280670166016,1402016,0.0,0.0
2021-12-22,46.75828552246094,47.52627182006836,46.540016174316406,47.52627182006836,46.9896125793457,1178119,0.0,0.0
2021-12-23,47.68795394897461,48.56103515625,47.53435516357422,48.45594024658203,47.90877914428711,1241948,0.0,0.0
2021-12-27,48.44785690307617,49.183509826660156,48.253841400146484,49.15925598144531,48.60415267944336,712141,0.0,0.0
2021-12-28,49.15117263793945,49.47453689575195,49.021827697753906,49.183509826660156,48.62813186645508,809988,0.0,0.0
2021-12-29,49.32902145385742,49.692806243896484,48.981407165527344,49.2481803894043,48.69207000732422,1286356,0.0,0.0
2021-12-30,49.27243423461914,49.66046905517578,48.89248275756836,48.93290328979492,48.38035583496094,932451,0.0,0.0
2021-12-31,48.93290328979492,48.981407165527344,48.2700080871582,48.811641693115234,48.26046371459961,1407582,0.0,0.0
2022-01-03,48.811641693115234,49.304771423339844,48.2053337097168,48.464027404785156,47.916770935058594,1074335,0.0,0.0
2022-01-04,48.50444412231445,49.361358642578125,48.472110748291016,48.9248161315918,48.37236022949219,2089540,0.0,0.0
2022-01-05,49.09458541870117,49.207759857177734,46.6936149597168,46.709781646728516,46.18233871459961,2425139,0.0,0.0
2022-01-06,46.68553161621094,46.78253936767578,45.9741325378418,46.52384948730469,45.998504638671875,3895932,0.0,0.0
2022-01-07,46.564266204833984,46.863380432128906,45.982215881347656,46.378334045410156,45.85462951660156,1222651,0.0,0.0
2022-01-10,46.014549255371094,46.25707244873047,45.25464630126953,45.820533752441406,45.30313491821289,1325322,0.0,0.0
2022-01-11,45.87712097167969,47.445430755615234,45.70735549926758,47.421180725097656,46.88570022583008,1222898,0.0,0.0
2022-01-12,47.73645782470703,48.43169021606445,47.437347412109375,47.66370391845703,47.125492095947266,2521377,0.0,0.0
2022-01-13,47.74454116821289,48.164913177490234,46.97655487060547,47.13823699951172,46.605953216552734,1821483,0.0,0.0
2022-01-14,46.540016174316406,46.822959899902344,45.68310546875,46.151981353759766,45.630836486816406,1929596,0.0,0.0
2022-01-18,45.780113220214844,45.88520431518555,44.68067932128906,44.91511535644531,44.40793991088867,2737481,0.0,0.0
2022-01-19,45.278900146484375,45.278900146484375,44.163299560546875,44.45432662963867,43.95235061645508,2063192,0.0,0.0
2022-01-20,44.79385757446289,45.62651443481445,44.2118034362793,44.35731506347656,43.8564338684082,1674032,0.0,0.0
2022-01-21,44.09054183959961,44.09054183959961,43.08811569213867,43.16087341308594,42.67350387573242,2346713,0.0,0.0
2022-01-24,42.061439514160156,43.41956329345703,41.123687744140625,43.346805572509766,42.85733413696289,2975975,0.0,0.0
2022-01-25,42.5141487121582,44.074371337890625,42.30396270751953,43.53274154663086,43.04117202758789,2690351,0.0,0.0
2022-01-26,43.96119689941406,44.51899719238281,42.417137145996094,42.627323150634766,42.14597702026367,3758872,0.0,0.0
2022-01-27,43.05577850341797,43.2012939453125,42.15036392211914,42.26354217529297,41.78630828857422,3517657,0.0,0.0
2022-01-28,42.182701110839844,43.02344512939453,41.91592788696289,42.99110794067383,42.505653381347656,2340033,0.0,0.0
2022-01-31,42.76475143432617,44.64834213256836,42.70816421508789,44.543251037597656,44.0402717590332,2710638,0.0,0.0
2022-02-01,44.62409210205078,44.97978973388672,44.001617431640625,44.91511535644531,44.40793991088867,1963490,0.0,0.0
2022-02-02,45.278900146484375,45.35165786743164,44.6402587890625,45.14955520629883,44.63972854614258,1601173,0.0,0.0
2022-02-03,44.64834213256836,44.69684600830078,43.96928024291992,43.97736358642578,43.48077392578125,2508018,0.0,0.0
2022-02-04,43.775264739990234,44.68067932128906,43.775264739990234,44.179466247558594,43.68059539794922,3880345,0.0,0.0
2022-02-07,44.26030731201172,45.52950668334961,44.26030731201172,45.09296798706055,44.583778381347656,2030288,0.0,0.0
2022-02-08,44.939369201660156,45.52142333984375,44.47049331665039,45.3597412109375,44.84754180908203,1904114,0.0,0.0
2022-02-09,45.87712097167969,46.540016174316406,45.85287094116211,45.998382568359375,45.47896957397461,3893829,0.0,0.0
2022-02-10,48.261924743652344,50.50121307373047,48.11640930175781,48.27809143066406,47.73293685913086,7268859,0.0,0.0
2022-02-11,48.496360778808594,48.6661262512207,46.871463775634766,46.92805099487305,46.39814376831055,3779654,0.0,0.0
2022-02-14,46.94422149658203,46.94422149658203,45.50525665283203,45.80436325073242,45.28714370727539,3320850,0.0,0.0
2022-02-15,46.556182861328125,46.774452209472656,45.50525665283203,45.675018310546875,45.15925979614258,2537334,0.0,0.0
2022-02-16,45.58609390258789,45.828617095947266,45.101051330566406,45.62651443481445,45.11130142211914,1978705,0.0,0.0
2022-02-17,45.270816802978516,45.34357452392578,44.074371337890625,44.12287902832031,43.6246452331543,2163142,0.0,0.0
2022-02-18,44.2845573425293,44.49474334716797,42.8455924987793,43.00727462768555,42.52164077758789,4445778,0.0,0.0
2022-02-22,42.958770751953125,43.613582611083984,42.570735931396484,43.16087341308594,42.67350387573242,2449260,0.0,0.0
2022-02-23,43.670169830322266,43.823768615722656,42.231204986572266,42.295875549316406,41.81827163696289,1682196,0.0,0.0
2022-02-24,40.582054138183594,43.15279006958008,40.460792541503906,43.08811569213867,42.60157012939453,2585701,0.0,0.0
2022-02-25,43.16087341308594,44.3492317199707,42.65966033935547,44.31689453125,43.93186569213867,2137660,0.113177,0.0
2022-02-28,43.459983825683594,44.26030731201172,43.19321060180664,44.171382904052734,43.78761672973633,2700990,0.0,0.0
2022-03-01,44.066287994384766,44.20372009277344,42.53839874267578,43.15279006958008,42.77787780761719,2072717,0.0,0.0
2022-03-02,43.39530944824219,44.44623947143555,43.38722610473633,44.27647399902344,43.89179229736328,1792166,0.0,0.0
2022-03-03,44.37348556518555,44.47857666015625,43.33063888549805,43.58932876586914,43.21061706542969,1354144,0.0,0.0
2022-03-04,43.03961181640625,43.678253173828125,42.66774368286133,43.65400314331055,43.27473068237305,1709905,0.0,0.0
2022-03-07,43.42764663696289,43.87227249145508,42.239288330078125,42.27162551879883,41.90436553955078,3422903,0.0,0.0
2022-03-08,42.635406494140625,43.274051666259766,41.859336853027344,42.19886779785156,41.83224105834961,1736130,0.0,0.0
2022-03-09,43.2336311340332,44.009700775146484,42.894100189208984,43.86418914794922,43.48309326171875,2194685,0.0,0.0
2022-03-10,43.20937728881836,43.71867370605469,42.91835021972656,43.58932876586914,43.21061706542969,1209044,0.0,0.0
2022-03-11,43.74292755126953,44.179466247558594,43.20937728881836,43.24979782104492,42.87403869628906,2127887,0.0,0.0
2022-03-14,43.16087341308594,43.662086486816406,41.899757385253906,42.14228057861328,41.77614212036133,1763962,0.0,0.0
2022-03-15,42.42522048950195,42.74858474731445,42.00484848022461,42.67583084106445,42.305057525634766,2199881,0.0,0.0
2022-03-16,43.16087341308594,44.42198944091797,42.86176300048828,44.11479568481445,43.73152160644531,2426252,0.0,0.0
2022-03-17,44.074371337890625,44.85852813720703,43.90460968017578,44.84236145019531,44.45276641845703,1781899,0.0,0.0
2022-03-18,44.69684600830078,46.709781646728516,44.219886779785156,45.19805908203125,44.80537033081055,1693453,0.0,0.0
2022-03-21,45.036376953125,45.424415588378906,44.616004943847656,45.29507064819336,44.90154266357422,1189004,0.0,0.0
2022-03-22,45.763946533203125,46.014549255371094,45.50525665283203,45.79627990722656,45.39839553833008,1304540,0.0,0.0
2022-03-23,45.666934967041016,45.755859375,44.82619094848633,44.84236145019531,44.45276641845703,1364287,0.0,0.0
2022-03-24,45.08488464355469,45.69118881225586,44.785770416259766,45.56184387207031,45.16599655151367,1745902,0.0,0.0
2022-03-25,45.763946533203125,45.998382568359375,45.286983489990234,45.96604537963867,45.566688537597656,1424777,0.0,0.0
2022-03-28,45.7881965637207,46.27324295043945,45.440582275390625,46.224735260009766,45.82312774658203,1106744,0.0,0.0
2022-03-29,46.96038818359375,47.219078063964844,46.709781646728516,47.113983154296875,46.70465087890625,1267183,0.0,0.0
2022-03-30,46.774452209472656,47.17057418823242,46.39450454711914,46.57235336303711,46.16773223876953,1062583,0.0,0.0
2022-03-31,46.499595642089844,47.0897331237793,45.73160934448242,45.73160934448242,45.334293365478516,2002208,0.0,0.0
2022-04-01,46.176231384277344,46.28132629394531,45.69927215576172,46.20048522949219,45.79909133911133,1521386,0.0,0.0
2022-04-04,46.475345611572266,47.40501022338867,46.34599685668945,47.38884353637695,46.97712326049805,1431209,0.0,0.0
2022-04-05,47.380760192871094,47.825382232666016,46.895713806152344,47.041229248046875,46.632530212402344,2654849,0.0,0.0
2022-04-06,46.6936149597168,46.83912658691406,46.09539031982422,46.386417388916016,45.98340606689453,2082366,0.0,0.0
2022-04-07,46.09539031982422,46.176231384277344,45.222312927246094,45.52950668334961,45.133941650390625,2395698,0.0,0.0
2022-04-08,45.52142333984375,45.88520431518555,45.14955520629883,45.383995056152344,44.98969268798828,1102786,0.0,0.0
2022-04-11,45.04446029663086,45.222312927246094,44.066287994384766,44.12287902832031,43.739532470703125,1764704,0.0,0.0
2022-04-12,44.14712905883789,44.543251037597656,43.459983825683594,43.53274154663086,43.15452575683594,1363793,0.0,0.0
2022-04-13,43.54890823364258,44.2118034362793,43.26596450805664,44.03395462036133,43.65138244628906,1388285,0.0,0.0
2022-04-14,44.163299560546875,44.68876266479492,43.96119689941406,44.163299560546875,43.779605865478516,1519036,0.0,0.0
2022-04-18,43.985450744628906,44.10670852661133,43.298301696777344,43.47615051269531,43.098426818847656,1334352,0.0,0.0
2022-04-19,43.500404357910156,44.59983825683594,43.500404357910156,44.324981689453125,43.93988037109375,1550208,0.0,0.0
2022-04-20,44.84236145019531,45.0687141418457,44.35731506347656,44.90703201293945,44.516876220703125,1214858,0.0,0.0
2022-04-21,45.36782455444336,45.74777603149414,43.93694305419922,43.985450744628906,43.603302001953125,1306767,0.0,0.0
2022-04-22,43.823768615722656,43.823768615722656,41.673404693603516,41.746158599853516,41.383460998535156,2336940,0.0,0.0
2022-04-25,41.30961990356445,42.16653060913086,40.88924789428711,41.94826126098633,41.58381271362305,2424891,0.0,0.0
2022-04-26,41.56022644042969,41.63298416137695,40.16976547241211,40.21018600463867,39.860836029052734,2709030,0.0,0.0
2022-04-27,41.10751724243164,41.59256362915039,40.582054138183594,40.67906188964844,40.32563781738281,2580382,0.0,0.0
2022-04-28,41.123687744140625,41.94826126098633,40.84882736206055,41.746158599853516,41.383460998535156,1665621,0.0,0.0
2022-04-29,41.60064697265625,41.91592788696289,40.15359878540039,40.307193756103516,39.957000732421875,1707184,0.0,0.0
2022-05-02,40.22635269165039,40.638641357421875,39.7089729309082,40.582054138183594,40.22947311401367,2272122,0.0,0.0
2022-05-03,40.792240142822266,41.22877883911133,40.460792541503906,40.86499786376953,40.50996017456055,1639767,0.0,0.0
2022-05-04,40.84882736206055,41.99676513671875,40.35569763183594,41.96443176269531,41.5998420715332,2840152,0.0,0.0
2022-05-05,41.48746871948242,41.63298416137695,39.539207458496094,39.78173065185547,39.436100006103516,2759994,0.0,0.0
2022-05-06,39.45028305053711,39.55537414550781,38.658042907714844,39.15925598144531,38.819034576416016,2995890,0.0,0.0
2022-05-09,38.43977355957031,38.8843994140625,37.372676849365234,37.437347412109375,37.11208724975586,3520255,0.0,0.0
2022-05-10,38.2700080871582,38.73080062866211,37.421180725097656,38.12449645996094,37.79326248168945,4208769,0.0,0.0
2022-05-11,37.99515151977539,39.037994384765625,37.704124450683594,37.85771942138672,37.52880859375,2982778,0.0,0.0
2022-05-12,37.53435516357422,37.53435516357422,35.675018310546875,36.725948333740234,36.40686798095703,4669428,0.0,0.0
2022-05-13,37.38884353637695,38.819725036621094,36.90380096435547,38.56911849975586,38.23402404785156,3639378,0.0,0.0
2022-05-16,38.60145568847656,39.16733932495117,37.95472717285156,38.62570571899414,38.290122985839844,3102520,0.0,0.0
2022-05-17,39.48262023925781,39.94341278076172,39.143089294433594,39.54729080200195,39.20370101928711,3063678,0.0,0.0
2022-05-18,39.021827697753906,39.09458541870117,37.00889205932617,37.097816467285156,36.77550506591797,3017662,0.0,0.0
2022-05-19,36.863380432128906,37.89005661010742,36.499595642089844,37.429264068603516,37.10407638549805,3717927,0.0,0.0
2022-05-20,38.06790542602539,38.24575424194336,36.99272537231445,38.06790542602539,37.73716735839844,2451363,0.0,0.0
2022-05-23,38.5286979675293,38.62570571899414,37.825382232666016,38.01940155029297,37.689083099365234,1341898,0.0,0.0
2022-05-24,37.78496551513672,37.978981018066406,36.58852005004883,37.86580276489258,37.53681945800781,1947533,0.0,0.0
2022-05-25,37.55860900878906,38.156829833984375,37.445430755615234,38.01940155029297,37.689083099365234,1103280,0.0,0.0
2022-05-26,38.164913177490234,39.377525329589844,38.05982208251953,39.021827697753906,38.68280029296875,1833729,0.0,0.0
2022-05-27,39.207759857177734,40.73564910888672,39.207759857177734,40.695228576660156,40.3416633605957,3362042,0.0,0.0
2022-05-31,41.0105094909668,41.61681365966797,40.45270919799805,40.90541458129883,40.66311264038086,4747482,0.113177,0.0
2022-06-01,40.978172302246094,41.366207122802734,40.12126159667969,40.404205322265625,40.16487121582031,1744665,0.0,0.0
2022-06-02,40.3233642578125,41.54405975341797,40.16976547241211,41.527889251708984,41.281898498535156,1675269,0.0,0.0
2022-06-03,41.06709671020508,41.180274963378906,40.468875885009766,40.6143913269043,40.37381362915039,1759880,0.0,0.0
2022-06-06,41.10751724243164,41.60873031616211,40.800323486328125,40.98625564575195,40.74347686767578,1320126,0.0,0.0
2022-06-07,40.54163360595703,41.31770324707031,40.54163360595703,41.21261215209961,40.96849060058594,1082375,0.0,0.0
2022-06-08,41.06709671020508,41.16410827636719,40.3961181640625,40.55780029296875,40.31755447387695,729088,0.0,0.0
2022-06-09,40.250606536865234,40.404205322265625,39.46644973754883,39.46644973754883,39.232669830322266,1392120,0.0,0.0
2022-06-10,38.77122116088867,38.8843994140625,37.978981018066406,38.148746490478516,37.92277526855469,1700380,0.0,0.0
2022-06-13,36.822959899902344,37.06547927856445,36.19240188598633,36.564266204833984,36.347679138183594,3863151,0.0,0.0
2022-06-14,36.6936149597168,36.701698303222656,35.925628662109375,36.313663482666016,36.09856033325195,3135548,0.0,0.0
2022-06-15,36.814876556396484,37.56669235229492,36.24898910522461,36.96038818359375,36.741455078125,3323448,0.0,0.0
2022-06-16,35.90945816040039,36.13581085205078,34.74535369873047,34.90703201293945,34.700260162353516,3593238,0.0,0.0
2022-06-17,34.86661148071289,35.610347747802734,34.6725959777832,35.060630798339844,34.85295104980469,2904971,0.0,0.0
2022-06-21,35.69118881225586,35.982215881347656,35.29507064819336,35.41632843017578,35.206539154052734,2162152,0.0,0.0
2022-06-22,34.81810760498047,35.58609390258789,34.64834213256836,35.17380905151367,34.9654541015625,1933060,0.0,0.0
2022-06-23,35.34357452392578,35.91754150390625,35.18189239501953,35.86903762817383,35.65657043457031,1511243,0.0,0.0
2022-06-24,36.36216735839844,37.041229248046875,35.998382568359375,36.90380096435547,36.685203552246094,1388656,0.0,0.0
2022-06-27,37.275665283203125,37.275665283203125,36.62085723876953,36.96847152709961,36.749488830566406,1212013,0.0,0.0
2022-06-28,37.33225631713867,37.56669235229492,36.20856857299805,36.43492126464844,36.21909713745117,2051936,0.0,0.0
2022-06-29,36.23282241821289,36.53193283081055,35.820533752441406,36.12772750854492,35.913726806640625,1840409,0.0,0.0
2022-06-30,35.81245040893555,36.216651916503906,35.286983489990234,35.94987869262695,35.73693084716797,2476969,0.0,0.0
2022-07-01,35.73969268798828,36.475345611572266,35.602264404296875,36.39450454711914,36.17892074584961,1096724,0.0,0.0
2022-07-05,35.7154426574707,36.313663482666016,35.20614242553711,36.27324295043945,36.05837631225586,2346342,0.0,0.0
2022-07-06,36.27324295043945,36.43492126464844,35.58609390258789,36.05497360229492,35.84140396118164,2240207,0.0,0.0
2022-07-07,36.41067123413086,37.1220703125,36.39450454711914,37.057395935058594,36.837886810302734,1403253,0.0,0.0
2022-07-08,36.79062271118164,37.057395935058594,36.41875457763672,36.73403549194336,36.516441345214844,1489719,0.0,0.0
2022-07-11,36.34599685668945,36.475345611572266,35.79627990722656,35.941795349121094,35.72889709472656,1292541,0.0,0.0
2022-07-12,35.6507682800293,36.63702392578125,35.6507682800293,36.28132629394531,36.06641387939453,1519407,0.0,0.0
2022-07-13,35.57801055908203,36.014549255371094,35.07679748535156,35.69118881225586,35.479774475097656,1588927,0.0,0.0
2022-07-14,35.036376953125,35.23847961425781,34.12287902832031,34.947452545166016,34.74044418334961,2143845,0.0,0.0
2022-07-15,35.497169494628906,36.19240188598633,35.02829360961914,36.176231384277344,35.96194076538086,1661662,0.0,0.0
2022-07-18,36.6936149597168,36.99272537231445,36.28940963745117,36.35408020019531,36.138736724853516,1187149,0.0,0.0
2022-07-19,36.887630462646484,38.07598876953125,36.725948333740234,37.86580276489258,37.64150619506836,2165245,0.0,0.0
2022-07-20,37.63945007324219,38.6661262512207,37.63945007324219,38.44785690307617,38.22011184692383,1429848,0.0,0.0
2022-07-21,38.39935302734375,38.860145568847656,38.092159271240234,38.83589172363281,38.6058464050293,1626902,0.0,0.0
2022-07-22,38.860145568847656,39.256263732910156,38.39935302734375,38.803558349609375,38.573707580566406,2083603,0.0,0.0
2022-07-25,38.9248161315918,39.10266876220703,38.60145568847656,39.01374435424805,38.78264617919922,2052802,0.0,0.0
2022-07-26,38.73888397216797,38.860145568847656,38.02748489379883,38.27809143066406,38.05134963989258,1655848,0.0,0.0
2022-07-27,38.60145568847656,39.426029205322266,38.536781311035156,39.10266876220703,38.87104797363281,1933431,0.0,0.0
2022-07-28,39.046077728271484,39.975746154785156,38.73888397216797,39.82215118408203,39.586265563964844,2035360,0.0,0.0
2022-07-29,39.8949089050293,40.50121307373047,39.684722900390625,40.137428283691406,39.89967727661133,1730439,0.0,0.0
2022-08-01,39.71705627441406,40.33144760131836,39.46644973754883,40.097007751464844,39.859493255615234,1775961,0.0,0.0
2022-08-02,39.95957946777344,40.00808334350586,39.46644973754883,39.595794677734375,39.36124801635742,1787341,0.0,0.0
2022-08-03,40.05658721923828,40.35569763183594,39.66855239868164,40.20210266113281,39.963966369628906,1219311,0.0,0.0
2022-08-04,40.307193756103516,40.638641357421875,40.080841064453125,40.638641357421875,40.397918701171875,1105754,0.0,0.0
2022-08-05,40.12934494018555,40.36378479003906,39.72513961791992,40.299110412597656,40.06039810180664,1265946,0.0,0.0
2022-08-08,40.630558013916016,41.131771087646484,40.52546310424805,40.6143913269043,40.37381362915039,1603523,0.0,0.0
2022-08-09,40.420372009277344,40.66289520263672,40.15359878540039,40.582054138183594,40.34166717529297,1860201,0.0,0.0
2022-08-10,41.42279815673828,42.950687408447266,41.21261215209961,42.82134246826172,42.567691802978516,2877138,0.0,0.0
2022-08-11,43.08003234863281,43.71867370605469,42.65966033935547,43.298301696777344,43.04182434082031,2843987,0.0,0.0
2022-08-12,43.613582611083984,43.63783264160156,43.063865661621094,43.42764663696289,43.17040252685547,1891497,0.0,0.0
2022-08-15,42.81325912475586,43.3063850402832,42.75666809082031,42.974937438964844,42.720375061035156,1358473,0.0,0.0
2022-08-16,42.85367965698242,43.08003234863281,42.457557678222656,42.902183532714844,42.64805221557617,1569629,0.0,0.0
2022-08-17,42.32821273803711,42.74858474731445,41.98868179321289,42.43330764770508,42.18195343017578,1312333,0.0,0.0
2022-08-18,42.43330764770508,42.66774368286133,42.19886779785156,42.409053802490234,42.15784454345703,1263348,0.0,0.0
2022-08-19,42.223121643066406,42.223121643066406,41.37429428100586,41.75424575805664,41.50691604614258,1098580,0.0,0.0
2022-08-22,40.978172302246094,41.366207122802734,40.719482421875,41.24494552612305,41.000633239746094,1991817,0.0,0.0
2022-08-23,41.32578659057617,41.71382522583008,41.026676177978516,41.301536560058594,41.056884765625,1276831,0.0,0.0
2022-08-24,41.03476333618164,41.65723419189453,40.978172302246094,41.25303268432617,41.008670806884766,917236,0.0,0.0
2022-08-25,41.43896484375,41.7946662902832,41.301536560058594,41.64915084838867,41.402442932128906,1245906,0.0,0.0
2022-08-26,41.48746871948242,41.60873031616211,39.71705627441406,39.757476806640625,39.52197265625,1949636,0.0,0.0
2022-08-29,39.514957427978516,40.0323371887207,39.3856086730957,39.79789733886719,39.562156677246094,1463990,0.0,0.0
2022-08-30,39.8949089050293,40.18593215942383,39.183509826660156,39.28860092163086,39.167259216308594,1541797,0.113177,0.0
2022-08-31,39.256263732910156,39.72513961791992,38.868228912353516,38.89248275756836,38.77236557006836,1552930,0.0,0.0
2022-09-01,38.54486846923828,38.69038009643555,37.68795394897461,38.38318634033203,38.26464080810547,2000229,0.0,0.0
2022-09-02,38.82780838012695,39.256263732910156,38.22958755493164,38.45594024658203,38.3371696472168,1866880,0.0,0.0
2022-09-06,38.488277435302734,38.649959564208984,37.615196228027344,38.18916702270508,38.07122039794922,1753571,0.0,0.0
2022-09-07,38.17300033569336,39.029911041259766,37.97089767456055,38.973323822021484,38.85295486450195,1458052,0.0,0.0
2022-09-08,38.61762237548828,39.98383331298828,38.44785690307617,39.95957946777344,39.83616638183594,1703225,0.0,0.0
2022-09-09,40.36378479003906,40.75990295410156,40.19401931762695,40.66289520263672,40.53730773925781,1713245,0.0,0.0
2022-09-12,40.970088958740234,41.59256362915039,40.970088958740234,41.49555587768555,41.36739730834961,1986746,0.0,0.0
2022-09-13,40.51737976074219,40.6871452331543,39.78173065185547,39.927242279052734,39.80392837524414,1714606,0.0,0.0
2022-09-14,39.919158935546875,40.573970794677734,39.854488372802734,40.20210266113281,40.077938079833984,1124557,0.0,0.0
2022-09-15,39.83831787109375,40.45270919799805,39.40177917480469,39.45028305053711,39.32844161987305,1623563,0.0,0.0
2022-09-16,38.96523666381836,39.07841491699219,38.43169021606445,38.82780838012695,38.707889556884766,1278934,0.0,0.0
2022-09-19,38.39126968383789,39.15925598144531,38.302345275878906,39.11075210571289,38.989959716796875,1331507,0.0,0.0
2022-09-20,38.74696731567383,38.89248275756836,38.01940155029297,38.33468246459961,38.216285705566406,1665744,0.0,0.0
2022-09-21,38.41551971435547,38.67421340942383,37.52627182006836,37.542442321777344,37.42649459838867,1777445,0.0,0.0
2022-09-22,37.5181884765625,37.72029113769531,36.75828552246094,36.8310432434082,36.71729278564453,1914134,0.0,0.0
2022-09-23,36.24090576171875,36.28132629394531,35.14955520629883,35.41632843017578,35.30694580078125,3631461,0.0,0.0
2022-09-26,35.14147186279297,35.54567337036133,34.244140625,34.49474334716797,34.388206481933594,2561580,0.0,0.0
2022-09-27,34.898948669433594,35.13338851928711,33.459983825683594,33.54890823364258,33.44529342651367,3352889,0.0,0.0
2022-09-28,33.678253173828125,34.381568908691406,33.58932876586914,34.18754959106445,34.08196258544922,3844472,0.0,0.0
2022-09-29,33.69442367553711,33.79951477050781,32.53839874267578,32.91835021972656,32.816680908203125,3758748,0.0,0.0
2022-09-30,33.08003234863281,34.03395462036133,32.86984634399414,33.05577850341797,32.95368576049805,2691217,0.0,0.0
2022-10-03,33.69442367553711,34.47049331665039,33.298301696777344,34.09862518310547,33.99331283569336,2307376,0.0,0.0
2022-10-04,34.75343704223633,35.836700439453125,34.68876266479492,35.828617095947266,35.717960357666016,3421789,0.0,0.0
2022-10-05,35.125301361083984,35.34357452392578,34.68067932128906,35.08488464355469,34.976524353027344,2221034,0.0,0.0
2022-10-06,34.729183197021484,34.85044479370117,33.91269302368164,34.04203796386719,33.9369010925293,2679095,0.0,0.0
2022-10-07,33.71059036254883,33.80759811401367,32.47372817993164,32.67583084106445,32.574913024902344,3036959,0.0,0.0
2022-10-10,32.85367965698242,32.974937438964844,32.36863327026367,32.36863327026367,32.2686653137207,1552435,0.0,0.0
2022-10-11,32.392887115478516,32.49797821044922,31.196443557739258,31.390460968017578,31.29351234436035,4295730,0.0,0.0
2022-10-12,31.325788497924805,31.46321678161621,30.808406829833984,31.06709861755371,30.971149444580078,6707014,0.0,0.0
2022-10-13,30.282943725585938,31.94017791748047,29.8544864654541,31.6168155670166,31.519166946411133,5073556,0.0,0.0
2022-10-14,32.085689544677734,32.28779220581055,30.630558013916016,30.638641357421875,30.54401397705078,3691332,0.0,0.0
2022-10-17,31.42279624938965,32.04527282714844,31.285367965698242,31.57639503479004,31.478872299194336,3265556,0.0,0.0
2022-10-18,32.36863327026367,32.65966033935547,31.94017791748047,32.27970886230469,32.180015563964844,3118477,0.0,0.0
2022-10-19,31.96442985534668,32.077606201171875,31.212610244750977,31.325788497924805,31.229040145874023,3397668,0.0,0.0
2022-10-20,31.325788497924805,31.721908569335938,30.476959228515625,30.51738166809082,30.42313003540039,3608576,0.0,0.0
2022-10-21,30.282943725585938,30.929668426513672,29.99191665649414,30.92158317565918,30.826082229614258,5064031,0.0,0.0
2022-10-24,31.0428466796875,31.13176918029785,30.048503875732422,30.800323486328125,30.705198287963867,3958029,0.0,0.0
2022-10-25,31.010509490966797,31.94017791748047,30.91349983215332,31.721908569335938,31.62393569946289,4539666,0.0,0.0
2022-10-26,31.649150848388672,32.562652587890625,31.43896484375,31.899757385253906,31.80123519897461,4178957,0.0,0.0
2022-10-27,32.02910232543945,33.00727462768555,31.924009323120117,32.158447265625,32.05912780761719,5263559,0.0,0.0
2022-10-28,32.10186004638672,32.554569244384766,31.754243850708008,32.48989486694336,32.389549255371094,2739708,0.0,0.0
2022-10-31,32.231204986572266,32.42522048950195,31.827001571655273,32.021018981933594,31.922122955322266,3324561,0.0,0.0
2022-11-01,32.886016845703125,33.136619567871094,32.19886779785156,32.35246658325195,32.25254821777344,3962606,0.0,0.0
2022-11-02,32.32821273803711,33.03152847290039,31.341955184936523,31.366209030151367,31.26933479309082,3535965,0.0,0.0
2022-11-03,30.994340896606445,31.641067504882812,30.873079299926758,31.42279624938965,31.325748443603516,4153228,0.0,0.0
2022-11-04,32.27162551879883,33.08003234863281,32.00484848022461,32.70008087158203,32.59908676147461,3107468,0.0,0.0
2022-11-07,32.7728385925293,33.41147994995117,32.66774368286133,33.32255554199219,33.21963882446289,3004178,0.0,0.0
2022-11-08,33.435733795166016,34.08245849609375,33.07194900512695,33.36297607421875,33.25993728637695,3382577,0.0,0.0
2022-11-09,32.86176300048828,33.41956329345703,32.74858474731445,32.7728385925293,32.6716194152832,4138755,0.0,0.0
2022-11-10,34.543251037597656,37.30800247192383,34.13096237182617,36.143898010253906,36.03226852416992,5291268,0.0,0.0
2022-11-11,36.709781646728516,38.302345275878906,36.58852005004883,37.83346939086914,37.71662139892578,5942053,0.0,0.0
2022-11-14,37.372676849365234,37.5505256652832,36.701698303222656,36.887630462646484,36.773704528808594,2883571,0.0,0.0
2022-11-15,37.72029113769531,37.97089767456055,36.936134338378906,37.49393844604492,37.37813949584961,3238837,0.0,0.0
2022-11-16,37.219078063964844,37.34842300415039,36.67744445800781,37.041229248046875,36.92682647705078,2882829,0.0,0.0
2022-11-17,36.540016174316406,36.80678939819336,36.0792236328125,36.329830169677734,36.21762466430664,3040051,0.0,0.0
2022-11-18,36.58043670654297,36.73403549194336,35.86095428466797,36.151981353759766,36.04032516479492,1800330,0.0,0.0
2022-11-21,35.54567337036133,36.05497360229492,35.24656295776367,35.62651443481445,35.516483306884766,2925752,0.0,0.0
2022-11-22,35.68310546875,36.20048522949219,35.64268493652344,36.13581085205078,36.024208068847656,1657580,0.0,0.0
2022-11-23,36.13581085205078,36.96038818359375,36.13581085205078,36.94422149658203,36.83012008666992,2924392,0.0,0.0
2022-11-25,36.95230484008789,37.84963607788086,36.94422149658203,37.63945007324219,37.52320098876953,1353773,0.0,0.0
2022-11-28,37.30800247192383,37.4858512878418,36.548099517822266,36.64510726928711,36.53192901611328,2975356,0.0,0.0
2022-11-29,36.548099517822266,36.548099517822266,36.07114028930664,36.35408020019531,36.35408020019531,2671425,0.113177,0.0
2022-11-30,36.7663688659668,38.41551971435547,36.20048522949219,38.11640930175781,38.11640930175781,5255889,0.0,0.0
2022-12-01,38.34276580810547,38.423606872558594,36.8310432434082,37.776878356933594,37.776878356933594,4126014,0.0,0.0
2022-12-02,37.097816467285156,37.275665283203125,36.313663482666016,36.483428955078125,36.483428955078125,3432428,0.0,0.0
2022-12-05,35.94987869262695,36.3702507019043,35.25464630126953,35.69118881225586,35.69118881225586,3419563,0.0,0.0
2022-12-06,35.658851623535156,35.72352600097656,34.75343704223633,35.04446029663086,35.04446029663086,2468434,0.0,0.0
2022-12-07,34.85044479370117,35.51333999633789,34.84236145019531,35.00404357910156,35.00404357910156,3808847,0.0,0.0
2022-12-08,35.14955520629883,35.675018310546875,35.14147186279297,35.25464630126953,35.25464630126953,3851276,0.0,0.0
2022-12-09,35.101051330566406,35.30315399169922,34.82619094848633,34.882781982421875,34.882781982421875,3208407,0.0,0.0
2022-12-12,36.150001525878906,36.349998474121094,33.02000045776367,33.63999938964844,33.63999938964844,5275100,0.0,1.237
2022-12-13,34.119998931884766,34.970001220703125,33.75,33.849998474121094,33.849998474121094,4948200,0.0,0.0
2022-12-14,34.0099983215332,34.439998626708984,33.58000183105469,33.58000183105469,33.58000183105469,5317400,0.0,0.0
2022-12-15,33.380001068115234,33.54999923706055,33.0099983215332,33.11000061035156,33.11000061035156,4104600,0.0,0.0
2022-12-16,32.560001373291016,33.08000183105469,32.31999969482422,32.400001525878906,32.400001525878906,4741400,0.0,0.0
2022-12-19,32.2599983215332,32.459999084472656,31.31999969482422,31.389999389648438,31.389999389648438,4328500,0.0,0.0
2022-12-20,31.170000076293945,31.329999923706055,30.780000686645508,30.8700008392334,30.8700008392334,4448200,0.0,0.0
2022-12-21,31.0,31.68000030517578,30.770000457763672,31.440000534057617,31.440000534057617,3837800,0.0,0.0
2022-12-22,31.18000030517578,31.270000457763672,30.540000915527344,31.059999465942383,31.059999465942383,3804500,0.0,0.0
2022-12-23,30.969999313354492,31.889999389648438,30.969999313354492,31.719999313354492,31.719999313354492,3583700,0.0,0.0
