date,close,high,low,open,volume,adjClose,adjHigh,adjLow,adjOpen,adjVolume,divCash,splitFactor
2021-01-04 00:00:00+00:00,268.94,275.0,265.2,274.78,15106113,268.94,275.0,265.2,274.78,15106113,0.0,1.0
2021-01-05 00:00:00+00:00,270.97,272.4,268.2111,268.29,9871557,270.97,272.4,268.2111,268.29,9871557,0.0,1.0
2021-01-06 00:00:00+00:00,263.31,267.75,260.01,262.0,24354149,263.31,267.75,260.01,262.0,24354149,0.0,1.0
2021-01-07 00:00:00+00:00,268.74,271.61,264.78,265.9,15789756,268.74,271.61,264.78,265.9,15789756,0.0,1.0
2021-01-08 00:00:00+00:00,267.57,268.95,263.18,268.31,18528251,267.57,268.95,263.18,268.31,18528251,0.0,1.0
2021-01-11 00:00:00+00:00,256.84,263.47,255.9,260.48,30412286,256.84,263.47,255.9,260.48,30412286,0.0,1.0
2021-01-12 00:00:00+00:00,251.09,259.72,250.3,256.63,25772128,251.09,259.72,250.3,256.63,25772128,0.0,1.0
2021-01-13 00:00:00+00:00,251.64,253.95,249.2,251.55,19528938,251.64,253.95,249.2,251.55,19528938,0.0,1.0
2021-01-14 00:00:00+00:00,245.64,255.03,244.61,253.4,29739404,245.64,255.03,244.61,253.4,29739404,0.0,1.0
2021-01-15 00:00:00+00:00,251.36,253.86,247.16,247.9,24942930,251.36,253.86,247.16,247.9,24942930,0.0,1.0
2021-01-19 00:00:00+00:00,261.1,262.2,252.7201,256.9,28028546,261.1,262.2,252.7201,256.9,28028546,0.0,1.0
2021-01-20 00:00:00+00:00,267.48,270.32,263.6,268.93,25199919,267.48,270.32,263.6,268.93,25199919,0.0,1.0
2021-01-21 00:00:00+00:00,272.87,273.6,267.4901,269.26,20838687,272.87,273.6,267.4901,269.26,20838687,0.0,1.0
2021-01-22 00:00:00+00:00,274.5,278.47,272.0,272.01,21954042,274.5,278.47,272.0,272.01,21954042,0.0,1.0
2021-01-25 00:00:00+00:00,278.01,280.1,271.51,278.14,19086990,278.01,280.1,271.51,278.14,19086990,0.0,1.0
2021-01-26 00:00:00+00:00,282.05,285.39,277.81,278.1398,19373636,282.05,285.39,277.81,278.1398,19373636,0.0,1.0
2021-01-27 00:00:00+00:00,272.14,283.45,268.1201,282.53,35346194,272.14,283.45,268.1201,282.53,35346194,0.0,1.0
2021-01-28 00:00:00+00:00,265.0,286.79,264.7,277.18,37758844,265.0,286.79,264.7,277.18,37758844,0.0,1.0
2021-01-29 00:00:00+00:00,258.33,266.56,254.85,265.3,30389499,258.33,266.56,254.85,265.3,30389499,0.0,1.0
2021-02-01 00:00:00+00:00,262.01,264.17,254.91,259.52,22914255,262.01,264.17,254.91,259.52,22914255,0.0,1.0
2021-02-02 00:00:00+00:00,267.08,268.85,263.27,264.0,16964380,267.08,268.85,263.27,264.0,16964380,0.0,1.0
2021-02-03 00:00:00+00:00,266.65,269.2,263.84,265.62,14223377,266.65,269.2,263.84,265.62,14223377,0.0,1.0
2021-02-04 00:00:00+00:00,266.49,268.16,264.0,267.01,16059958,266.49,268.16,264.0,267.01,16059958,0.0,1.0
2021-02-05 00:00:00+00:00,268.1,269.17,265.67,266.8,12454367,268.1,269.17,265.67,266.8,12454367,0.0,1.0
2021-02-08 00:00:00+00:00,266.58,269.86,265.0,268.75,13755191,266.58,269.86,265.0,268.75,13755191,0.0,1.0
2021-02-09 00:00:00+00:00,269.45,273.39,265.75,266.44,14420322,269.45,273.39,265.75,266.44,14420322,0.0,1.0
2021-02-10 00:00:00+00:00,271.87,273.7999,267.72,272.4465,14188230,271.87,273.7999,267.72,272.4465,14188230,0.0,1.0
2021-02-11 00:00:00+00:00,270.39,273.58,268.49,271.89,12828572,270.39,273.58,268.49,271.89,12828572,0.0,1.0
2021-02-12 00:00:00+00:00,270.5,271.18,268.34,270.52,9097597,270.5,271.18,268.34,270.52,9097597,0.0,1.0
2021-02-16 00:00:00+00:00,273.97,276.6,270.05,270.8,15417243,273.97,276.6,270.05,270.8,15417243,0.0,1.0
2021-02-17 00:00:00+00:00,273.57,273.97,269.58,271.24,12619051,273.57,273.97,269.58,271.24,12619051,0.0,1.0
2021-02-18 00:00:00+00:00,269.39,271.95,266.03,269.565,15249134,269.39,271.95,266.03,269.565,15249134,0.0,1.0
2021-02-19 00:00:00+00:00,261.56,270.27,260.15,269.86,25622587,261.56,270.27,260.15,269.86,25622587,0.0,1.0
2021-02-22 00:00:00+00:00,260.33,263.07,257.53,257.95,17298474,260.33,263.07,257.53,257.95,17298474,0.0,1.0
2021-02-23 00:00:00+00:00,265.855,267.46,254.96,259.5,21924557,265.855,267.46,254.96,259.5,21924557,0.0,1.0
2021-02-24 00:00:00+00:00,264.31,266.38,258.39,262.325,15736123,264.31,266.38,258.39,262.325,15736123,0.0,1.0
2021-02-25 00:00:00+00:00,254.69,266.94,254.04,262.3,18430701,254.69,266.94,254.04,262.3,18430701,0.0,1.0
2021-02-26 00:00:00+00:00,257.62,265.55,256.47,256.47,26313472,257.62,265.55,256.47,256.47,26313472,0.0,1.0
2021-03-01 00:00:00+00:00,264.91,266.65,257.9039,260.82,22157255,264.91,266.65,257.9039,260.82,22157255,0.0,1.0
2021-03-02 00:00:00+00:00,259.0,266.71,258.65,265.78,15191722,259.0,266.71,258.65,265.78,15191722,0.0,1.0
2021-03-03 00:00:00+00:00,255.41,260.9899,255.1,260.29,15513515,255.41,260.9899,255.1,260.29,15513515,0.0,1.0
2021-03-04 00:00:00+00:00,257.64,266.49,253.5,256.47,31626463,257.64,266.49,253.5,256.47,31626463,0.0,1.0
2021-03-05 00:00:00+00:00,264.28,265.45,255.61,260.67,26820055,264.28,265.45,255.61,260.67,26820055,0.0,1.0
2021-03-08 00:00:00+00:00,255.31,265.58,255.05,265.55,18391768,255.31,265.58,255.05,265.55,18391768,0.0,1.0
2021-03-09 00:00:00+00:00,265.74,268.53,259.81,261.175,22039740,265.74,268.53,259.81,261.175,22039740,0.0,1.0
2021-03-10 00:00:00+00:00,264.9,268.97,262.87,268.64,14210318,264.9,268.97,262.87,268.64,14210318,0.0,1.0
2021-03-11 00:00:00+00:00,273.88,277.9,267.82,268.11,21833979,273.88,277.9,267.82,268.11,21833979,0.0,1.0
2021-03-12 00:00:00+00:00,268.4,269.74,264.02,269.14,20600198,268.4,269.74,264.02,269.14,20600198,0.0,1.0
2021-03-15 00:00:00+00:00,273.75,275.96,268.5,269.08,16856746,273.75,275.96,268.5,269.08,16856746,0.0,1.0
2021-03-16 00:00:00+00:00,279.28,282.14,274.8,276.085,22437665,279.28,282.14,274.8,276.085,22437665,0.0,1.0
2021-03-17 00:00:00+00:00,284.01,286.23,275.41,275.705,21315044,284.01,286.23,275.41,275.705,21315044,0.0,1.0
2021-03-18 00:00:00+00:00,278.62,285.1899,278.28,279.87,18754853,278.62,285.1899,278.28,279.87,18754853,0.0,1.0
2021-03-19 00:00:00+00:00,290.11,292.8,281.195,281.22,38930536,290.11,292.8,281.195,281.22,38930536,0.0,1.0
2021-03-22 00:00:00+00:00,293.54,299.705,286.7501,290.45,28273073,293.54,299.705,286.7501,290.45,28273073,0.0,1.0
2021-03-23 00:00:00+00:00,290.63,298.0,289.81,293.15,23000929,290.63,298.0,289.81,293.15,23000929,0.0,1.0
2021-03-24 00:00:00+00:00,282.14,291.72,281.16,291.0,18675046,282.14,291.72,281.16,291.0,18675046,0.0,1.0
2021-03-25 00:00:00+00:00,278.74,288.06,277.75,280.98,24505648,278.74,288.06,277.75,280.98,24505648,0.0,1.0
2021-03-26 00:00:00+00:00,283.02,284.5,277.77,278.3018,17629185,283.02,284.5,277.77,278.3018,17629185,0.0,1.0
2021-03-29 00:00:00+00:00,290.82,293.18,284.7,285.77,21718831,290.82,293.18,284.7,285.77,21718831,0.0,1.0
2021-03-30 00:00:00+00:00,288.0,292.47,286.7,289.83,17474537,288.0,292.47,286.7,289.83,17474537,0.0,1.0
2021-03-31 00:00:00+00:00,294.53,296.5,288.61,289.99,19498157,294.53,296.5,288.61,289.99,19498157,0.0,1.0
2021-04-01 00:00:00+00:00,298.66,302.4,296.6,298.4,17615980,298.66,302.4,296.6,298.4,17615980,0.0,1.0
2021-04-05 00:00:00+00:00,308.91,310.765,300.68,300.89,28237006,308.91,310.765,300.68,300.89,28237006,0.0,1.0
2021-04-06 00:00:00+00:00,306.26,311.35,305.25,308.8365,17335246,306.26,311.35,305.25,308.8365,17335246,0.0,1.0
2021-04-07 00:00:00+00:00,313.09,314.25,305.5,306.34,22855241,313.09,314.25,305.5,306.34,22855241,0.0,1.0
2021-04-08 00:00:00+00:00,313.02,315.88,310.05,314.85,20894148,313.02,315.88,310.05,314.85,20894148,0.0,1.0
2021-04-09 00:00:00+00:00,312.46,314.74,310.33,311.4,15988568,312.46,314.74,310.33,311.4,15988568,0.0,1.0
2021-04-12 00:00:00+00:00,311.54,312.15,307.93,311.05,10881935,311.54,312.15,307.93,311.05,10881935,0.0,1.0
2021-04-13 00:00:00+00:00,309.76,314.428,309.32,312.21,14036927,309.76,314.428,309.32,312.21,14036927,0.0,1.0
2021-04-14 00:00:00+00:00,302.82,308.03,301.95,307.3,17421393,302.82,308.03,301.95,307.3,17421393,0.0,1.0
2021-04-15 00:00:00+00:00,307.82,310.14,304.1,306.34,14558273,307.82,310.14,304.1,306.34,14558273,0.0,1.0
2021-04-16 00:00:00+00:00,306.18,308.95,304.61,308.17,13059163,306.18,308.95,304.61,308.17,13059163,0.0,1.0
2021-04-19 00:00:00+00:00,302.24,307.7,300.56,305.007,14553507,302.24,307.7,300.56,305.007,14553507,0.0,1.0
2021-04-20 00:00:00+00:00,302.65,305.1,297.21,301.99,16796442,302.65,305.1,297.21,301.99,16796442,0.0,1.0
2021-04-21 00:00:00+00:00,301.47,301.98,297.39,301.945,14863474,301.47,301.98,297.39,301.945,14863474,0.0,1.0
2021-04-22 00:00:00+00:00,296.52,302.92,296.04,301.33,16375350,296.52,302.92,296.04,301.33,16375350,0.0,1.0
2021-04-23 00:00:00+00:00,301.13,302.59,297.15,298.76,17559498,301.13,302.59,297.15,298.76,17559498,0.0,1.0
2021-04-26 00:00:00+00:00,303.04,305.8,301.56,303.3396,16172593,303.04,305.8,301.56,303.3396,16172593,0.0,1.0
2021-04-27 00:00:00+00:00,303.57,305.34,301.11,304.28,15309256,303.57,305.34,301.11,304.28,15309256,0.0,1.0
2021-04-28 00:00:00+00:00,307.1,310.92,305.37,307.36,33907210,307.1,310.92,305.37,307.36,33907210,0.0,1.0
2021-04-29 00:00:00+00:00,329.51,331.81,321.61,330.12,56526771,329.51,331.81,321.61,330.12,56526771,0.0,1.0
2021-04-30 00:00:00+00:00,325.08,329.82,324.5,326.1435,26332423,325.08,329.82,324.5,326.1435,26332423,0.0,1.0
2021-05-03 00:00:00+00:00,322.58,328.55,321.84,326.17,18719462,322.58,328.55,321.84,326.17,18719462,0.0,1.0
2021-05-04 00:00:00+00:00,318.36,322.19,313.12,320.025,24032557,318.36,322.19,313.12,320.025,24032557,0.0,1.0
2021-05-05 00:00:00+00:00,315.02,321.06,314.49,318.19,15577605,315.02,321.06,314.49,318.19,15577605,0.0,1.0
2021-05-06 00:00:00+00:00,320.02,320.24,313.275,314.52,19012241,320.02,320.24,313.275,314.52,19012241,0.0,1.0
2021-05-07 00:00:00+00:00,319.08,322.935,318.75,322.38,15916743,319.08,322.935,318.75,322.38,15916743,0.0,1.0
2021-05-10 00:00:00+00:00,305.97,314.5786,304.83,314.35,24239170,305.97,314.5786,304.83,314.35,24239170,0.0,1.0
2021-05-11 00:00:00+00:00,306.53,306.84,299.69,300.75,18920086,306.53,306.84,299.69,300.75,18920086,0.0,1.0
2021-05-12 00:00:00+00:00,302.55,304.96,298.19,301.13,24641010,302.55,304.96,298.19,301.13,24641010,0.0,1.0
2021-05-13 00:00:00+00:00,305.26,308.86,302.7701,306.0833,18079160,305.26,308.86,302.7701,306.0833,18079160,0.0,1.0
2021-05-14 00:00:00+00:00,315.94,316.85,309.08,309.54,19245724,315.94,316.85,309.08,309.54,19245724,0.0,1.0
2021-05-17 00:00:00+00:00,315.46,315.68,311.58,313.55,15401343,315.46,315.68,311.58,313.55,15401343,0.0,1.0
2021-05-18 00:00:00+00:00,309.96,316.5,309.81,315.59,14522403,309.96,316.5,309.81,315.59,14522403,0.0,1.0
2021-05-19 00:00:00+00:00,313.59,314.66,303.57,304.185,19106244,313.59,314.66,303.57,304.185,19106244,0.0,1.0
2021-05-20 00:00:00+00:00,318.61,319.25,313.16,313.58,17320241,318.61,319.25,313.16,313.58,17320241,0.0,1.0
2021-05-21 00:00:00+00:00,316.23,319.93,315.8101,319.29,13600901,316.23,319.93,315.8101,319.29,13600901,0.0,1.0
2021-05-24 00:00:00+00:00,324.63,325.95,318.03,318.21,16445356,324.63,325.95,318.03,318.21,16445356,0.0,1.0
2021-05-25 00:00:00+00:00,327.79,329.18,324.8,327.08,16436965,327.79,329.18,324.8,327.08,16436965,0.0,1.0
2021-05-26 00:00:00+00:00,327.66,329.8299,325.82,328.35,9686917,327.66,329.8299,325.82,328.35,9686917,0.0,1.0
2021-05-27 00:00:00+00:00,332.75,333.78,326.76,328.0,20477726,332.75,333.78,326.76,328.0,20477726,0.0,1.0
2021-05-28 00:00:00+00:00,328.73,332.8684,328.33,331.0,12037430,328.73,332.8684,328.33,331.0,12037430,0.0,1.0
2021-06-01 00:00:00+00:00,329.13,331.42,326.64,330.15,11765906,329.13,331.42,326.64,330.15,11765906,0.0,1.0
2021-06-02 00:00:00+00:00,329.15,331.87,327.1215,330.38,11654275,329.15,331.87,327.1215,330.38,11654275,0.0,1.0
2021-06-03 00:00:00+00:00,326.04,327.375,323.48,325.78,12610788,326.04,327.375,323.48,325.78,12610788,0.0,1.0
2021-06-04 00:00:00+00:00,330.35,332.455,325.18,325.9,13289383,330.35,332.455,325.18,325.9,13289383,0.0,1.0
2021-06-07 00:00:00+00:00,336.58,337.69,328.93,329.48,20136707,336.58,337.69,328.93,329.48,20136707,0.0,1.0
2021-06-08 00:00:00+00:00,333.68,338.2999,332.24,336.7,14580464,333.68,338.2999,332.24,336.7,14580464,0.0,1.0
2021-06-09 00:00:00+00:00,330.25,336.8,330.0,335.74,13727946,330.25,336.8,330.0,335.74,13727946,0.0,1.0
2021-06-10 00:00:00+00:00,332.46,333.94,328.545,330.785,13240229,332.46,333.94,328.545,330.785,13240229,0.0,1.0
2021-06-11 00:00:00+00:00,331.26,332.83,328.93,332.58,13587916,331.26,332.83,328.93,332.58,13587916,0.0,1.0
2021-06-14 00:00:00+00:00,336.77,336.82,329.81,331.9,12250799,336.77,336.82,329.81,331.9,12250799,0.0,1.0
2021-06-15 00:00:00+00:00,336.75,339.92,335.03,336.99,15795226,336.75,339.92,335.03,336.99,15795226,0.0,1.0
2021-06-16 00:00:00+00:00,331.08,337.55,328.72,336.695,17031281,331.08,337.55,328.72,336.695,17031281,0.0,1.0
2021-06-17 00:00:00+00:00,336.51,337.98,330.15,330.49,17794080,336.51,337.98,330.15,330.49,17794080,0.0,1.0
2021-06-18 00:00:00+00:00,329.66,336.15,329.0,334.53,23039457,329.66,336.15,329.0,334.53,23039457,0.0,1.0
2021-06-21 00:00:00+00:00,332.29,332.92,327.65,331.09,11337522,332.29,332.92,327.65,331.09,11337522,0.0,1.0
2021-06-22 00:00:00+00:00,339.03,339.92,332.6,332.685,15345299,339.03,339.92,332.6,332.685,15345299,0.0,1.0
2021-06-23 00:00:00+00:00,340.59,343.4199,338.2,339.35,14817824,340.59,343.4199,338.2,339.35,14817824,0.0,1.0
2021-06-24 00:00:00+00:00,343.18,344.9,341.79,341.85,12329096,343.18,344.9,341.79,341.85,12329096,0.0,1.0
2021-06-25 00:00:00+00:00,341.37,344.12,339.68,342.59,14594444,341.37,344.12,339.68,342.59,14594444,0.0,1.0
2021-06-28 00:00:00+00:00,355.64,358.14,341.77,342.46,29156132,355.64,358.14,341.77,342.46,29156132,0.0,1.0
2021-06-29 00:00:00+00:00,351.89,356.74,349.05,356.27,21417305,351.89,356.74,349.05,356.27,21417305,0.0,1.0
2021-06-30 00:00:00+00:00,347.71,352.92,347.17,352.165,15107514,347.71,352.92,347.17,352.165,15107514,0.0,1.0
2021-07-01 00:00:00+00:00,354.39,354.6699,346.5,346.82,17137021,354.39,354.6699,346.5,346.82,17137021,0.0,1.0
2021-07-02 00:00:00+00:00,354.7,356.44,352.62,355.1,11524614,354.7,356.44,352.62,355.1,11524614,0.0,1.0
2021-07-06 00:00:00+00:00,352.78,358.79,349.18,356.5,13488455,352.78,358.79,349.18,356.5,13488455,0.0,1.0
2021-07-07 00:00:00+00:00,350.49,356.49,350.0,355.26,14218866,350.49,356.49,350.0,355.26,14218866,0.0,1.0
2021-07-08 00:00:00+00:00,345.65,348.33,342.56,345.73,14406457,345.65,348.33,342.56,345.73,14406457,0.0,1.0
2021-07-09 00:00:00+00:00,350.42,350.71,345.265,345.32,13018694,350.42,350.71,345.265,345.32,13018694,0.0,1.0
2021-07-12 00:00:00+00:00,353.16,354.19,349.64,351.23,10018624,353.16,354.19,349.64,351.23,10018624,0.0,1.0
2021-07-13 00:00:00+00:00,352.09,358.49,348.8,351.5,11455963,352.09,358.49,348.8,351.5,11455963,0.0,1.0
2021-07-14 00:00:00+00:00,347.63,355.2,346.73,354.56,13894221,347.63,355.2,346.73,354.56,13894221,0.0,1.0
2021-07-15 00:00:00+00:00,344.46,349.2348,340.22,349.2348,14781594,344.46,349.2348,340.22,349.2348,14781594,0.0,1.0
2021-07-16 00:00:00+00:00,341.16,345.9899,340.14,344.91,11026093,341.16,345.9899,340.14,344.91,11026093,0.0,1.0
2021-07-19 00:00:00+00:00,336.95,339.79,334.54,337.57,14372345,336.95,339.79,334.54,337.57,14372345,0.0,1.0
2021-07-20 00:00:00+00:00,341.66,343.45,334.5,338.8,11024277,341.66,343.45,334.5,338.8,11024277,0.0,1.0
2021-07-21 00:00:00+00:00,346.23,346.52,341.25,341.5,9279657,346.23,346.52,341.25,341.5,9279657,0.0,1.0
2021-07-22 00:00:00+00:00,351.19,351.54,345.21,346.68,12385441,351.19,351.54,345.21,346.68,12385441,0.0,1.0
2021-07-23 00:00:00+00:00,369.79,375.33,357.19,360.91,33694328,369.79,375.33,357.19,360.91,33694328,0.0,1.0
2021-07-26 00:00:00+00:00,372.46,374.44,368.22,369.58,14925222,372.46,374.44,368.22,369.58,14925222,0.0,1.0
2021-07-27 00:00:00+00:00,367.81,373.15,364.55,371.91,15705447,367.81,373.15,364.55,371.91,15705447,0.0,1.0
2021-07-28 00:00:00+00:00,373.28,377.5499,366.93,374.56,29676910,373.28,377.5499,366.93,374.56,29676910,0.0,1.0
2021-07-29 00:00:00+00:00,358.32,365.52,356.74,361.0,32210926,358.32,365.52,356.74,361.0,32210926,0.0,1.0
2021-07-30 00:00:00+00:00,356.3,360.73,352.94,354.0,15976179,356.3,360.73,352.94,354.0,15976179,0.0,1.0
2021-08-02 00:00:00+00:00,351.95,359.4,350.74,358.1,13180439,351.95,359.4,350.74,358.1,13180439,0.0,1.0
2021-08-03 00:00:00+00:00,351.24,353.7699,347.7,352.73,12406054,351.24,353.7699,347.7,352.73,12406054,0.0,1.0
2021-08-04 00:00:00+00:00,358.92,360.48,351.51,352.42,14180572,358.92,360.48,351.51,352.42,14180572,0.0,1.0
2021-08-05 00:00:00+00:00,362.97,363.9,356.9,359.64,10247207,362.97,363.9,356.9,359.64,10247207,0.0,1.0
2021-08-06 00:00:00+00:00,363.51,365.15,361.395,361.4,8925017,363.51,365.15,361.395,361.4,8925017,0.0,1.0
2021-08-09 00:00:00+00:00,361.61,365.775,360.75,363.7623,7798872,361.61,365.775,360.75,363.7623,7798872,0.0,1.0
2021-08-10 00:00:00+00:00,361.13,364.1,359.0435,361.825,7469878,361.13,364.1,359.0435,361.825,7469878,0.0,1.0
2021-08-11 00:00:00+00:00,359.96,362.36,357.81,362.1,8400332,359.96,362.36,357.81,362.1,8400332,0.0,1.0
2021-08-12 00:00:00+00:00,362.65,363.0,357.11,358.45,7175206,362.65,363.0,357.11,358.45,7175206,0.0,1.0
2021-08-13 00:00:00+00:00,363.18,364.6607,361.48,362.97,7184414,363.18,364.6607,361.48,362.97,7184414,0.0,1.0
2021-08-16 00:00:00+00:00,366.56,366.95,357.38,362.52,11232269,366.56,366.95,357.38,362.52,11232269,0.0,1.0
2021-08-17 00:00:00+00:00,358.45,364.67,355.07,362.98,12328737,358.45,364.67,355.07,362.98,12328737,0.0,1.0
2021-08-18 00:00:00+00:00,355.45,359.86,355.15,356.25,10042381,355.45,359.86,355.15,356.25,10042381,0.0,1.0
2021-08-19 00:00:00+00:00,355.12,357.57,351.0,351.345,12004535,355.12,357.57,351.0,351.345,12004535,0.0,1.0
2021-08-20 00:00:00+00:00,359.37,359.9898,353.31,354.6,8697667,359.37,359.9898,353.31,354.6,8697667,0.0,1.0
2021-08-23 00:00:00+00:00,363.35,365.69,359.1,359.44,10942007,363.35,365.69,359.1,359.44,10942007,0.0,1.0
2021-08-24 00:00:00+00:00,365.51,367.9559,361.84,363.66,9235148,365.51,367.9559,361.84,363.66,9235148,0.0,1.0
2021-08-25 00:00:00+00:00,368.39,370.86,365.4,365.6,9684519,368.39,370.86,365.4,365.6,9684519,0.0,1.0
2021-08-26 00:00:00+00:00,364.38,369.44,364.13,368.375,7888683,364.38,369.44,364.13,368.375,7888683,0.0,1.0
2021-08-27 00:00:00+00:00,372.63,373.74,364.08,365.1,11219142,372.63,373.74,364.08,365.1,11219142,0.0,1.0
2021-08-30 00:00:00+00:00,380.66,381.49,370.52,372.56,13547261,380.66,381.49,370.52,372.56,13547261,0.0,1.0
2021-08-31 00:00:00+00:00,379.38,382.759,378.8,379.95,12345350,379.38,382.759,378.8,379.95,12345350,0.0,1.0
2021-09-01 00:00:00+00:00,382.05,384.33,378.81,379.59,11567163,382.05,384.33,378.81,379.59,11567163,0.0,1.0
2021-09-02 00:00:00+00:00,375.28,381.75,374.06,381.5,14838274,375.28,381.75,374.06,381.5,14838274,0.0,1.0
2021-09-03 00:00:00+00:00,376.26,377.16,373.11,374.75,7511356,376.26,377.16,373.11,374.75,7511356,0.0,1.0
2021-09-07 00:00:00+00:00,382.18,382.96,373.15,375.88,10798920,382.18,382.96,373.15,375.88,10798920,0.0,1.0
2021-09-08 00:00:00+00:00,377.57,380.87,374.79,380.16,11067166,377.57,380.87,374.79,380.16,11067166,0.0,1.0
2021-09-09 00:00:00+00:00,378.0,379.83,376.565,377.64,9098941,378.0,379.83,376.565,377.64,9098941,0.0,1.0
2021-09-10 00:00:00+00:00,378.69,383.79,378.26,381.361,11549595,378.69,383.79,378.26,381.361,11549595,0.0,1.0
2021-09-13 00:00:00+00:00,376.51,381.75,374.3451,381.68,13026275,376.51,381.75,374.3451,381.68,13026275,0.0,1.0
2021-09-14 00:00:00+00:00,376.53,378.59,375.11,377.4,8711569,376.53,378.59,375.11,377.4,8711569,0.0,1.0
2021-09-15 00:00:00+00:00,373.92,377.555,367.67,377.0,17940297,373.92,377.555,367.67,377.0,17940297,0.0,1.0
2021-09-16 00:00:00+00:00,373.06,373.56,369.71,372.79,11934217,373.06,373.56,369.71,372.79,11934217,0.0,1.0
2021-09-17 00:00:00+00:00,364.72,371.41,361.59,371.405,26298966,364.72,371.41,361.59,371.405,26298966,0.0,1.0
2021-09-20 00:00:00+00:00,355.7,361.03,349.8,359.3,19822772,355.7,361.03,349.8,359.3,19822772,0.0,1.0
2021-09-21 00:00:00+00:00,357.48,360.04,355.19,358.5,11751917,357.48,360.04,355.19,358.5,11751917,0.0,1.0
2021-09-22 00:00:00+00:00,343.21,349.84,340.6901,347.23,43692859,343.21,349.84,340.6901,347.23,43692859,0.0,1.0
2021-09-23 00:00:00+00:00,345.96,349.67,343.0,345.355,21806264,345.96,349.67,343.0,345.355,21806264,0.0,1.0
2021-09-24 00:00:00+00:00,352.96,354.35,342.37,343.2387,18801933,352.96,354.35,342.37,343.2387,18801933,0.0,1.0
2021-09-27 00:00:00+00:00,353.58,355.15,347.08,349.805,15205843,353.58,355.15,347.08,349.805,15205843,0.0,1.0
2021-09-28 00:00:00+00:00,340.65,349.6,338.92,347.97,21710286,340.65,349.6,338.92,347.97,21710286,0.0,1.0
2021-09-29 00:00:00+00:00,339.61,345.23,338.88,343.15,14452241,339.61,345.23,338.88,343.15,14452241,0.0,1.0
2021-09-30 00:00:00+00:00,339.39,342.8,338.15,340.445,16547094,339.39,342.8,338.15,340.445,16547094,0.0,1.0
2021-10-01 00:00:00+00:00,343.01,345.02,338.64,341.61,14905311,343.01,345.02,338.64,341.61,14905311,0.0,1.0
2021-10-04 00:00:00+00:00,326.23,335.94,322.7,335.53,42884975,326.23,335.94,322.7,335.53,42884975,0.0,1.0
2021-10-05 00:00:00+00:00,332.96,335.18,326.1638,328.58,35377947,332.96,335.18,326.1638,328.58,35377947,0.0,1.0
2021-10-06 00:00:00+00:00,333.64,334.38,325.8,329.74,26443010,333.64,334.38,325.8,329.74,26443010,0.0,1.0
2021-10-07 00:00:00+00:00,329.22,338.84,328.98,337.0,28307456,329.22,338.84,328.98,337.0,28307456,0.0,1.0
2021-10-08 00:00:00+00:00,330.05,333.4,328.71,331.51,15946110,330.05,333.4,328.71,331.51,15946110,0.0,1.0
2021-10-11 00:00:00+00:00,325.45,330.46,325.31,327.625,14708224,325.45,330.46,325.31,327.625,14708224,0.0,1.0
2021-10-12 00:00:00+00:00,323.77,324.38,317.37,323.03,31658684,323.77,324.38,317.37,323.03,31658684,0.0,1.0
2021-10-13 00:00:00+00:00,324.54,327.0,322.66,326.97,14761470,324.54,327.0,322.66,326.97,14761470,0.0,1.0
2021-10-14 00:00:00+00:00,328.53,330.52,327.1,328.355,14302154,328.53,330.52,327.1,328.355,14302154,0.0,1.0
2021-10-15 00:00:00+00:00,324.76,329.07,322.51,328.68,21596370,324.76,329.07,322.51,328.68,21596370,0.0,1.0
2021-10-18 00:00:00+00:00,335.34,335.89,327.5,328.95,21585018,335.34,335.89,327.5,328.95,21585018,0.0,1.0
2021-10-19 00:00:00+00:00,339.99,342.46,337.28,339.645,18786316,339.99,342.46,337.28,339.645,18786316,0.0,1.0
2021-10-20 00:00:00+00:00,340.78,343.98,339.4531,343.445,13639465,340.78,343.98,339.4531,343.445,13639465,0.0,1.0
2021-10-21 00:00:00+00:00,341.88,342.31,337.8,340.275,16354423,341.88,342.31,337.8,340.275,16354423,0.0,1.0
2021-10-22 00:00:00+00:00,324.61,329.63,321.11,326.345,35224543,324.61,329.63,321.11,326.345,35224543,0.0,1.0
2021-10-25 00:00:00+00:00,328.69,329.56,319.72,320.3,38408957,328.69,329.56,319.72,320.3,38408957,0.0,1.0
2021-10-26 00:00:00+00:00,315.81,330.2099,309.6,328.26,65654043,315.81,330.2099,309.6,328.26,65654043,0.0,1.0
2021-10-27 00:00:00+00:00,312.22,319.25,312.06,314.19,29971761,312.22,319.25,312.06,314.19,29971761,0.0,1.0
2021-10-28 00:00:00+00:00,316.92,325.52,308.11,312.99,50806840,316.92,325.52,308.11,312.99,50806840,0.0,1.0
2021-10-29 00:00:00+00:00,323.57,325.9999,319.6,320.19,37059384,323.57,325.9999,319.6,320.19,37059384,0.0,1.0
2021-11-01 00:00:00+00:00,329.98,333.45,326.0,326.04,31164440,329.98,333.45,326.0,326.04,31164440,0.0,1.0
2021-11-02 00:00:00+00:00,328.08,334.7895,323.8,331.38,28259036,328.08,334.7895,323.8,331.38,28259036,0.0,1.0
2021-11-03 00:00:00+00:00,331.62,332.15,323.2,327.49,20786502,331.62,332.15,323.2,327.49,20786502,0.0,1.0
2021-11-04 00:00:00+00:00,335.85,337.273,332.65,334.0065,22495281,335.85,337.273,332.65,334.0065,22495281,0.0,1.0
2021-11-05 00:00:00+00:00,341.13,346.79,339.64,340.31,26872817,341.13,346.79,339.64,340.31,26872817,0.0,1.0
2021-11-08 00:00:00+00:00,338.62,344.789,338.34,344.42,18342458,338.62,344.789,338.34,344.42,18342458,0.0,1.0
2021-11-09 00:00:00+00:00,335.37,341.3075,334.47,340.0,17469000,335.37,341.3075,334.47,340.0,17469000,0.0,1.0
2021-11-10 00:00:00+00:00,327.64,333.19,325.51,332.49,21872605,327.64,333.19,325.51,332.49,21872605,0.0,1.0
2021-11-11 00:00:00+00:00,327.74,332.459,327.0,329.82,12376563,327.74,332.459,327.0,329.82,12376563,0.0,1.0
2021-11-12 00:00:00+00:00,340.89,341.86,329.78,330.18,25099642,340.89,341.86,329.78,330.18,25099642,0.0,1.0
2021-11-15 00:00:00+00:00,347.56,353.65,343.2,344.34,25076603,347.56,353.65,343.2,344.34,25076603,0.0,1.0
2021-11-16 00:00:00+00:00,342.96,346.65,340.87,343.83,18181106,342.96,346.65,340.87,343.83,18181106,0.0,1.0
2021-11-17 00:00:00+00:00,340.77,347.3,340.1,344.24,13602812,340.77,347.3,340.1,344.24,13602812,0.0,1.0
2021-11-18 00:00:00+00:00,338.69,342.46,335.3,339.72,17487235,338.69,342.46,335.3,339.72,17487235,0.0,1.0
2021-11-19 00:00:00+00:00,345.3,352.1,339.9,342.2,26488541,345.3,352.1,339.9,342.2,26488541,0.0,1.0
2021-11-22 00:00:00+00:00,341.01,353.83,340.51,349.05,27116811,341.01,353.83,340.51,349.05,27116811,0.0,1.0
2021-11-23 00:00:00+00:00,337.25,341.3999,333.5,338.93,17224986,337.25,341.3999,333.5,338.93,17224986,0.0,1.0
2021-11-24 00:00:00+00:00,341.06,341.78,332.81,336.0,13566181,341.06,341.78,332.81,336.0,13566181,0.0,1.0
2021-11-26 00:00:00+00:00,333.12,337.75,331.902,335.795,14750737,333.12,337.75,331.902,335.795,14750737,0.0,1.0
2021-11-29 00:00:00+00:00,338.03,340.67,335.305,336.89,16650949,338.03,340.67,335.305,336.89,16650949,0.0,1.0
2021-11-30 00:00:00+00:00,324.46,335.81,323.43,335.0,25390008,324.46,335.81,323.43,335.0,25390008,0.0,1.0
2021-12-01 00:00:00+00:00,310.6,330.5,310.29,330.29,30384083,310.6,330.5,310.29,330.29,30384083,0.0,1.0
2021-12-02 00:00:00+00:00,310.39,314.6,307.2,311.4,24396169,310.39,314.6,307.2,311.4,24396169,0.0,1.0
2021-12-03 00:00:00+00:00,306.84,313.75,299.5,313.73,27471010,306.84,313.75,299.5,313.73,27471010,0.0,1.0
2021-12-06 00:00:00+00:00,317.87,320.1,306.34,308.13,21758340,317.87,320.1,306.34,308.13,21758340,0.0,1.0
2021-12-07 00:00:00+00:00,322.81,326.54,321.0,321.57,18794047,322.81,326.54,321.0,321.57,18794047,0.0,1.0
2021-12-08 00:00:00+00:00,330.56,332.75,323.07,325.0,19937722,330.56,332.75,323.07,325.0,19937722,0.0,1.0
2021-12-09 00:00:00+00:00,329.82,336.13,328.0,329.54,16879168,329.82,336.13,328.0,329.54,16879168,0.0,1.0
2021-12-10 00:00:00+00:00,329.75,335.03,326.37,332.555,14527969,329.75,335.03,326.37,332.555,14527969,0.0,1.0
2021-12-13 00:00:00+00:00,334.49,341.09,329.59,330.95,22948655,334.49,341.09,329.59,330.95,22948655,0.0,1.0
2021-12-14 00:00:00+00:00,333.74,335.7,327.65,328.05,20461024,333.74,335.7,327.65,328.05,20461024,0.0,1.0
2021-12-15 00:00:00+00:00,341.66,342.11,323.98,332.4935,24681326,341.66,342.11,323.98,332.4935,24681326,0.0,1.0
2021-12-16 00:00:00+00:00,334.9,344.46,333.74,338.98,22635025,334.9,344.46,333.74,338.98,22635025,0.0,1.0
2021-12-17 00:00:00+00:00,333.79,337.11,330.75,332.795,40012637,333.79,337.11,330.75,332.795,40012637,0.0,1.0
2021-12-20 00:00:00+00:00,325.45,329.9,322.53,329.775,17901783,325.45,329.9,322.53,329.775,17901783,0.0,1.0
2021-12-21 00:00:00+00:00,334.2,336.0,323.75,326.41,16116784,334.2,336.0,323.75,326.41,16116784,0.0,1.0
2021-12-22 00:00:00+00:00,330.45,334.51,328.26,333.8003,16764566,330.45,334.51,328.26,333.8003,16764566,0.0,1.0
2021-12-23 00:00:00+00:00,335.24,336.67,328.36,330.1,13987698,335.24,336.67,328.36,330.1,13987698,0.0,1.0
2021-12-27 00:00:00+00:00,346.18,347.87,338.01,338.845,17795026,346.18,347.87,338.01,338.845,17795026,0.0,1.0
2021-12-28 00:00:00+00:00,346.22,352.71,345.2,346.63,16637608,346.22,352.71,345.2,346.63,16637608,0.0,1.0
2021-12-29 00:00:00+00:00,342.94,349.6899,341.6401,346.91,10747009,342.94,349.6899,341.6401,346.91,10747009,0.0,1.0
2021-12-30 00:00:00+00:00,344.36,347.23,343.22,344.0,10593347,344.36,347.23,343.22,344.0,10593347,0.0,1.0
2021-12-31 00:00:00+00:00,336.35,343.44,336.27,343.015,12516527,336.35,343.44,336.27,343.015,12516527,0.0,1.0
2022-01-03 00:00:00+00:00,338.54,341.0816,337.19,338.295,14562849,338.54,341.0816,337.19,338.295,14562849,0.0,1.0
2022-01-04 00:00:00+00:00,336.53,343.0854,331.8711,339.95,15997974,336.53,343.0854,331.8711,339.95,15997974,0.0,1.0
2022-01-05 00:00:00+00:00,324.17,335.76,323.84,333.02,20564521,324.17,335.76,323.84,333.02,20564521,0.0,1.0
2022-01-06 00:00:00+00:00,332.46,339.165,322.72,322.82,27962809,332.46,339.165,322.72,322.82,27962809,0.0,1.0
2022-01-07 00:00:00+00:00,331.79,337.0,328.8801,332.74,14722020,331.79,337.0,328.8801,332.74,14722020,0.0,1.0
2022-01-10 00:00:00+00:00,328.07,328.34,315.43,325.31,24942383,328.07,328.34,315.43,325.31,24942383,0.0,1.0
2022-01-11 00:00:00+00:00,334.37,334.63,325.28,326.78,16191633,334.37,334.63,325.28,326.78,16191633,0.0,1.0
2022-01-12 00:00:00+00:00,333.26,336.365,330.03,335.18,14104858,333.26,336.365,330.03,335.18,14104858,0.0,1.0
2022-01-13 00:00:00+00:00,326.48,335.63,325.76,334.98,14797109,326.48,335.63,325.76,334.98,14797109,0.0,1.0
2022-01-14 00:00:00+00:00,331.9,332.73,321.21,321.79,16868497,331.9,332.73,321.21,321.79,16868497,0.0,1.0
2022-01-18 00:00:00+00:00,318.15,324.21,317.64,323.29,22352652,318.15,324.21,317.64,323.29,22352652,0.0,1.0
2022-01-19 00:00:00+00:00,319.59,327.1,319.33,319.5822,20563976,319.59,327.1,319.33,319.5822,20563976,0.0,1.0
2022-01-20 00:00:00+00:00,316.56,327.82,315.98,323.9,16925030,316.56,327.82,315.98,323.9,16925030,0.0,1.0
2022-01-21 00:00:00+00:00,303.17,318.31,303.04,314.81,28710717,303.17,318.31,303.04,314.81,28710717,0.0,1.0
2022-01-24 00:00:00+00:00,308.71,309.53,289.01,297.84,38936901,308.71,309.53,289.01,297.84,38936901,0.0,1.0
2022-01-25 00:00:00+00:00,300.15,306.23,297.58,299.95,25108454,300.15,306.23,297.58,299.95,25108454,0.0,1.0
2022-01-26 00:00:00+00:00,294.63,307.51,290.85,307.01,28348801,294.63,307.51,290.85,307.01,28348801,0.0,1.0
2022-01-27 00:00:00+00:00,294.64,301.709,294.26,297.752,21629922,294.64,301.709,294.26,297.752,21629922,0.0,1.0
2022-01-28 00:00:00+00:00,301.71,301.9,293.0333,295.6204,21871620,301.71,301.9,293.0333,295.6204,21871620,0.0,1.0
2022-01-31 00:00:00+00:00,313.26,313.79,299.32,300.68,21579474,313.26,313.79,299.32,300.68,21579474,0.0,1.0
2022-02-01 00:00:00+00:00,319.0,319.6598,312.12,314.555,18023796,319.0,319.6598,312.12,314.555,18023796,0.0,1.0
2022-02-02 00:00:00+00:00,323.0,328.0,316.8747,327.82,58458280,323.0,328.0,316.8747,327.82,58458280,0.0,1.0
2022-02-03 00:00:00+00:00,237.76,248.0,235.745,244.645,188119925,237.76,248.0,235.745,244.645,188119925,0.0,1.0
2022-02-04 00:00:00+00:00,237.09,242.6099,230.11,234.97,89342247,237.09,242.6099,230.11,234.97,89342247,0.0,1.0
2022-02-07 00:00:00+00:00,224.91,238.3,224.01,237.7,88613826,224.91,238.3,224.01,237.7,88613826,0.0,1.0
2022-02-08 00:00:00+00:00,220.18,225.77,216.15,220.85,94729672,220.18,225.77,216.15,220.85,94729672,0.0,1.0
2022-02-09 00:00:00+00:00,232.0,233.37,222.21,224.2,86563275,232.0,233.37,222.21,224.2,86563275,0.0,1.0
2022-02-10 00:00:00+00:00,228.07,235.0,226.7,228.27,49310356,228.07,235.0,226.7,228.27,49310356,0.0,1.0
2022-02-11 00:00:00+00:00,219.55,230.42,218.7701,228.46,46156943,219.55,230.42,218.7701,228.46,46156943,0.0,1.0
2022-02-14 00:00:00+00:00,217.7,221.0,214.78,219.31,38184035,217.7,221.0,214.78,219.31,38184035,0.0,1.0
2022-02-15 00:00:00+00:00,221.0,221.15,215.06,220.47,42685473,221.0,221.15,215.06,220.47,42685473,0.0,1.0
2022-02-16 00:00:00+00:00,216.54,217.46,212.36,212.41,45817457,216.54,217.46,212.36,212.41,45817457,0.0,1.0
2022-02-17 00:00:00+00:00,207.71,217.5,207.1601,214.02,38747533,207.71,217.5,207.1601,214.02,38747533,0.0,1.0
2022-02-18 00:00:00+00:00,206.16,210.75,205.18,209.39,37128438,206.16,210.75,205.18,209.39,37128438,0.0,1.0
2022-02-22 00:00:00+00:00,202.08,207.48,200.06,202.34,39703994,202.08,207.48,200.06,202.34,39703994,0.0,1.0
2022-02-23 00:00:00+00:00,198.45,206.94,198.05,204.16,44481359,198.45,206.94,198.05,204.16,44481359,0.0,1.0
2022-02-24 00:00:00+00:00,207.6,208.35,190.22,191.06,49957167,207.6,208.35,190.22,191.06,49957167,0.0,1.0
2022-02-25 00:00:00+00:00,210.48,211.32,203.18,204.94,37627551,210.48,211.32,203.18,204.94,37627551,0.0,1.0
2022-02-28 00:00:00+00:00,211.03,213.1508,206.83,207.675,34239803,211.03,213.1508,206.83,207.675,34239803,0.0,1.0
2022-03-01 00:00:00+00:00,203.49,211.7517,202.22,209.87,27094902,203.49,211.7517,202.22,209.87,27094902,0.0,1.0
2022-03-02 00:00:00+00:00,208.11,209.15,202.02,204.775,29452147,208.11,209.15,202.02,204.775,29452147,0.0,1.0
2022-03-03 00:00:00+00:00,202.97,209.08,201.42,209.015,27263524,202.97,209.08,201.42,209.015,27263524,0.0,1.0
2022-03-04 00:00:00+00:00,200.06,205.89,198.79,202.37,32146264,200.06,205.89,198.79,202.37,32146264,0.0,1.0
2022-03-07 00:00:00+00:00,187.47,200.89,187.28,200.79,38560609,187.47,200.89,187.28,200.79,38560609,0.0,1.0
2022-03-08 00:00:00+00:00,190.29,196.7,186.11,187.85,37508149,190.29,196.7,186.11,187.85,37508149,0.0,1.0
2022-03-09 00:00:00+00:00,198.5,199.1,193.92,195.74,31894695,198.5,199.1,193.92,195.74,31894695,0.0,1.0
2022-03-10 00:00:00+00:00,195.21,196.28,191.068,194.84,24852975,195.21,196.28,191.068,194.84,24852975,0.0,1.0
2022-03-11 00:00:00+00:00,187.61,193.56,186.67,192.635,34694534,187.61,193.56,186.67,192.635,34694534,0.0,1.0
2022-03-14 00:00:00+00:00,186.63,192.29,185.82,187.03,31010462,186.63,192.29,185.82,187.03,31010462,0.0,1.0
2022-03-15 00:00:00+00:00,192.03,192.28,185.911,190.8,31721682,192.03,192.28,185.911,190.8,31721682,0.0,1.0
2022-03-16 00:00:00+00:00,203.63,203.73,194.52,194.7,40640264,203.63,203.73,194.52,194.7,40640264,0.0,1.0
2022-03-17 00:00:00+00:00,207.84,208.04,201.11,201.7,29499681,207.84,208.04,201.11,201.7,29499681,0.0,1.0
2022-03-18 00:00:00+00:00,216.49,216.8,206.0,206.7,51235040,216.49,216.8,206.0,206.7,51235040,0.0,1.0
2022-03-21 00:00:00+00:00,211.49,214.71,207.63,214.5,29072837,211.49,214.71,207.63,214.5,29072837,0.0,1.0
2022-03-22 00:00:00+00:00,216.65,219.46,210.18,211.37,31794933,216.65,219.46,210.18,211.37,31794933,0.0,1.0
2022-03-23 00:00:00+00:00,213.46,216.7988,212.16,213.33,23717321,213.46,216.7988,212.16,213.33,23717321,0.0,1.0
2022-03-24 00:00:00+00:00,219.57,220.67,214.79,215.0,31502314,219.57,220.67,214.79,215.0,31502314,0.0,1.0
2022-03-25 00:00:00+00:00,221.82,225.5,218.8901,220.51,39854786,221.82,225.5,218.8901,220.51,39854786,0.0,1.0
2022-03-28 00:00:00+00:00,223.59,224.04,219.54,222.13,26224141,223.59,224.04,219.54,222.13,26224141,0.0,1.0
2022-03-29 00:00:00+00:00,229.86,230.89,225.29,226.07,31417857,229.86,230.89,225.29,226.07,31417857,0.0,1.0
2022-03-30 00:00:00+00:00,227.85,231.151,226.71,228.91,25588046,227.85,231.151,226.71,228.91,25588046,0.0,1.0
2022-03-31 00:00:00+00:00,222.36,228.49,222.26,228.45,24192266,222.36,228.49,222.26,228.45,24192266,0.0,1.0
2022-04-01 00:00:00+00:00,224.85,227.28,222.7,224.55,19544758,224.85,227.28,222.7,224.55,19544758,0.0,1.0
2022-04-04 00:00:00+00:00,233.89,234.351,225.86,225.98,28100826,233.89,234.351,225.86,225.98,28100826,0.0,1.0
2022-04-05 00:00:00+00:00,231.84,236.86,231.02,234.08,29525086,231.84,236.86,231.02,234.08,29525086,0.0,1.0
2022-04-06 00:00:00+00:00,223.3,228.9899,221.405,226.91,28995080,223.3,228.9899,221.405,226.91,28995080,0.0,1.0
2022-04-07 00:00:00+00:00,222.95,225.52,218.56,223.93,21037187,222.95,225.52,218.56,223.93,21037187,0.0,1.0
2022-04-08 00:00:00+00:00,222.33,225.13,220.0283,222.38,18375711,222.33,225.13,220.0283,222.38,18375711,0.0,1.0
2022-04-11 00:00:00+00:00,216.46,220.61,215.2198,218.42,20516586,216.46,220.61,215.2198,218.42,20516586,0.0,1.0
2022-04-12 00:00:00+00:00,214.14,222.03,213.13,220.235,20128827,214.14,222.03,213.13,220.235,20128827,0.0,1.0
2022-04-13 00:00:00+00:00,214.99,216.61,211.33,211.82,19231816,214.99,216.61,211.33,211.82,19231816,0.0,1.0
2022-04-14 00:00:00+00:00,210.18,214.99,210.0,214.89,18379455,210.18,214.99,210.0,214.89,18379455,0.0,1.0
2022-04-18 00:00:00+00:00,210.77,213.38,208.3,210.0,16580792,210.77,213.38,208.3,210.0,16580792,0.0,1.0
2022-04-19 00:00:00+00:00,217.31,218.4299,209.0,210.52,20089871,217.31,218.4299,209.0,210.52,20089871,0.0,1.0
2022-04-20 00:00:00+00:00,200.42,214.16,198.92,213.605,42859593,200.42,214.16,198.92,213.605,42859593,0.0,1.0
2022-04-21 00:00:00+00:00,188.07,202.965,185.58,201.6,49954078,188.07,202.965,185.58,201.6,49954078,0.0,1.0
2022-04-22 00:00:00+00:00,184.11,192.72,183.27,190.37,36426769,184.11,192.72,183.27,190.37,36426769,0.0,1.0
2022-04-25 00:00:00+00:00,186.99,187.18,181.655,182.73,29281060,186.99,187.18,181.655,182.73,29281060,0.0,1.0
2022-04-26 00:00:00+00:00,180.95,187.185,179.5,186.63,30872853,180.95,187.185,179.5,186.63,30872853,0.0,1.0
2022-04-27 00:00:00+00:00,174.95,181.2099,169.0,174.43,71062886,174.95,181.2099,169.0,174.43,71062886,0.0,1.0
2022-04-28 00:00:00+00:00,205.73,208.53,192.9,202.92,100890551,205.73,208.53,192.9,202.92,100890551,0.0,1.0
2022-04-29 00:00:00+00:00,200.47,212.48,199.9,204.46,49193434,200.47,212.48,199.9,204.46,49193434,0.0,1.0
2022-05-02 00:00:00+00:00,211.13,211.88,200.99,201.165,49915289,211.13,211.88,200.99,201.165,49915289,0.0,1.0
2022-05-03 00:00:00+00:00,212.03,214.8999,208.09,210.45,41556267,212.03,214.8999,208.09,210.45,41556267,0.0,1.0
2022-05-04 00:00:00+00:00,223.41,224.3,206.96,210.65,41197345,223.41,224.3,206.96,210.65,41197345,0.0,1.0
2022-05-05 00:00:00+00:00,208.28,220.17,206.16,218.74,41129192,208.28,220.17,206.16,218.74,41129192,0.0,1.0
2022-05-06 00:00:00+00:00,203.77,209.38,201.02,207.34,34747158,203.77,209.38,201.02,207.34,34747158,0.0,1.0
2022-05-09 00:00:00+00:00,196.21,202.57,195.58,199.84,36303200,196.21,202.57,195.58,199.84,36303200,0.0,1.0
2022-05-10 00:00:00+00:00,197.65,202.96,194.19,199.51,34452491,197.65,202.96,194.19,199.51,34452491,0.0,1.0
2022-05-11 00:00:00+00:00,188.74,200.6742,188.27,196.325,31153383,188.74,200.6742,188.27,196.325,31153383,0.0,1.0
2022-05-12 00:00:00+00:00,191.24,198.05,184.78,187.055,38262226,191.24,198.05,184.78,187.055,38262226,0.0,1.0
2022-05-13 00:00:00+00:00,198.62,199.89,191.28,192.58,24549844,198.62,199.89,191.28,192.58,24549844,0.0,1.0
2022-05-16 00:00:00+00:00,200.04,205.37,195.93,197.05,27112595,200.04,205.37,195.93,197.05,27112595,0.0,1.0
2022-05-17 00:00:00+00:00,202.62,205.46,198.36,202.115,24872729,202.62,205.46,198.36,202.115,24872729,0.0,1.0
2022-05-18 00:00:00+00:00,192.24,201.0,191.63,200.0,23959966,192.24,201.0,191.63,200.0,23959966,0.0,1.0
2022-05-19 00:00:00+00:00,191.29,195.29,189.6,191.2,24446938,191.29,195.29,189.6,191.2,24446938,0.0,1.0
2022-05-20 00:00:00+00:00,193.54,197.91,187.87,194.97,31465570,193.54,197.91,187.87,194.97,31465570,0.0,1.0
2022-05-23 00:00:00+00:00,196.23,196.9924,191.24,195.19,25059161,196.23,196.9924,191.24,195.19,25059161,0.0,1.0
2022-05-24 00:00:00+00:00,181.28,183.6759,176.11,180.55,50406273,181.28,183.6759,176.11,180.55,50406273,0.0,1.0
2022-05-25 00:00:00+00:00,183.83,185.45,179.32,180.4,28030194,183.83,185.45,179.32,180.4,28030194,0.0,1.0
2022-05-26 00:00:00+00:00,191.63,192.8301,182.26,182.878,23056455,191.63,192.8301,182.26,182.878,23056455,0.0,1.0
2022-05-27 00:00:00+00:00,195.13,195.3329,189.8,191.36,22562727,195.13,195.3329,189.8,191.36,22562727,0.0,1.0
2022-05-31 00:00:00+00:00,193.64,197.6,192.01,194.885,26131103,193.64,197.6,192.01,194.885,26131103,0.0,1.0
2022-06-01 00:00:00+00:00,188.64,199.53,185.0,196.51,36623495,188.64,199.53,185.0,196.51,36623495,0.0,1.0
2022-06-02 00:00:00+00:00,198.86,200.935,187.73,188.45,31951582,198.86,200.935,187.73,188.45,31951582,0.0,1.0
2022-06-03 00:00:00+00:00,190.78,196.61,189.78,195.98,19464993,190.78,196.61,189.78,195.98,19464993,0.0,1.0
2022-06-06 00:00:00+00:00,194.25,196.92,188.4,193.99,30574242,194.25,196.92,188.4,193.99,30574242,0.0,1.0
2022-06-07 00:00:00+00:00,195.65,196.53,191.49,191.93,18828687,195.65,196.53,191.49,191.93,18828687,0.0,1.0
2022-06-08 00:00:00+00:00,196.64,202.03,194.41,194.67,22267154,196.64,202.03,194.41,194.67,22267154,0.0,1.0
2022-06-09 00:00:00+00:00,184.0,199.45,183.68,194.28,23501579,184.0,199.45,183.68,194.28,23501579,0.0,1.0
2022-06-10 00:00:00+00:00,175.57,183.1,175.02,183.04,27478354,175.57,183.1,175.02,183.04,27478354,0.0,1.0
2022-06-13 00:00:00+00:00,164.26,172.575,164.03,170.59,31749304,164.26,172.575,164.03,170.59,31749304,0.0,1.0
2022-06-14 00:00:00+00:00,163.73,166.75,161.3601,166.03,27244274,163.73,166.75,161.3601,166.03,27244274,0.0,1.0
2022-06-15 00:00:00+00:00,169.35,172.16,163.975,167.2,30008251,169.35,172.16,163.975,167.2,30008251,0.0,1.0
2022-06-16 00:00:00+00:00,160.87,165.08,159.61,163.72,26944143,160.87,165.08,159.61,163.72,26944143,0.0,1.0
2022-06-17 00:00:00+00:00,163.74,165.9,159.9,161.68,31374215,163.74,165.9,159.9,161.68,31374215,0.0,1.0
2022-06-21 00:00:00+00:00,157.05,167.76,155.97,165.93,50724899,157.05,167.76,155.97,165.93,50724899,0.0,1.0
2022-06-22 00:00:00+00:00,155.85,160.79,155.44,158.38,47596820,155.85,160.79,155.44,158.38,47596820,0.0,1.0
2022-06-23 00:00:00+00:00,158.75,159.75,154.25,156.27,40499198,158.75,159.75,154.25,156.27,40499198,0.0,1.0
2022-06-24 00:00:00+00:00,170.16,170.25,161.3,161.725,68736009,170.16,170.25,161.3,161.725,68736009,0.0,1.0
2022-06-27 00:00:00+00:00,169.49,171.75,168.01,171.32,29174559,169.49,171.75,168.01,171.32,29174559,0.0,1.0
2022-06-28 00:00:00+00:00,160.68,171.3,160.61,169.9,27788725,160.68,171.3,160.61,169.9,27788725,0.0,1.0
2022-06-29 00:00:00+00:00,163.94,166.33,160.32,163.57,28595236,163.94,166.33,160.32,163.57,28595236,0.0,1.0
2022-06-30 00:00:00+00:00,161.25,165.23,158.49,162.15,35250605,161.25,165.23,158.49,162.15,35250605,0.0,1.0
2022-07-01 00:00:00+00:00,160.03,160.62,155.0,160.31,31423933,160.03,160.62,155.0,160.31,31423933,0.0,1.0
2022-07-05 00:00:00+00:00,168.19,168.25,157.02,158.14,28664799,168.19,168.25,157.02,158.14,28664799,0.0,1.0
2022-07-06 00:00:00+00:00,169.77,171.59,165.46,168.2,23085921,169.77,171.59,165.46,168.2,23085921,0.0,1.0
2022-07-07 00:00:00+00:00,172.19,172.72,167.78,169.45,24083368,172.19,172.72,167.78,169.45,24083368,0.0,1.0
2022-07-08 00:00:00+00:00,170.88,172.4,168.1501,169.98,19249243,170.88,172.4,168.1501,169.98,19249243,0.0,1.0
2022-07-11 00:00:00+00:00,162.88,167.49,161.91,167.065,21905133,162.88,167.49,161.91,167.065,21905133,0.0,1.0
2022-07-12 00:00:00+00:00,163.27,165.9107,162.1,164.8,16639659,163.27,165.9107,162.1,164.8,16639659,0.0,1.0
2022-07-13 00:00:00+00:00,163.49,164.98,159.6127,160.16,16555138,163.49,164.98,159.6127,160.16,16555138,0.0,1.0
2022-07-14 00:00:00+00:00,158.05,162.59,157.2801,161.22,23765168,158.05,162.59,157.2801,161.22,23765168,0.0,1.0
2022-07-15 00:00:00+00:00,164.7,164.98,159.82,160.54,23342807,164.7,164.98,159.82,160.54,23342807,0.0,1.0
2022-07-18 00:00:00+00:00,167.23,171.685,165.64,166.75,23574337,167.23,171.685,165.64,166.75,23574337,0.0,1.0
2022-07-19 00:00:00+00:00,175.78,176.49,169.51,170.37,25933679,175.78,176.49,169.51,170.37,25933679,0.0,1.0
2022-07-20 00:00:00+00:00,183.09,183.6,176.7,177.485,24784274,183.09,183.6,176.7,177.485,24784274,0.0,1.0
2022-07-21 00:00:00+00:00,183.17,183.85,178.87,180.63,27195815,183.17,183.85,178.87,180.63,27195815,0.0,1.0
2022-07-22 00:00:00+00:00,169.27,175.5995,168.41,173.07,42583916,169.27,175.5995,168.41,173.07,42583916,0.0,1.0
2022-07-25 00:00:00+00:00,166.65,170.57,164.805,169.0,26166326,166.65,170.57,164.805,169.0,26166326,0.0,1.0
2022-07-26 00:00:00+00:00,159.15,166.0,157.95,165.94,28468424,159.15,166.0,157.95,165.94,28468424,0.0,1.0
2022-07-27 00:00:00+00:00,169.58,170.87,162.02,162.59,43846557,169.58,170.87,162.02,162.59,43846557,0.0,1.0
2022-07-28 00:00:00+00:00,160.72,161.51,154.85,161.06,73214326,160.72,161.51,154.85,161.06,73214326,0.0,1.0
2022-07-29 00:00:00+00:00,159.1,160.14,155.17,157.69,42065395,159.1,160.14,155.17,157.69,42065395,0.0,1.0
2022-08-01 00:00:00+00:00,159.93,165.19,155.2301,157.25,40596702,159.93,165.19,155.2301,157.25,40596702,0.0,1.0
2022-08-02 00:00:00+00:00,160.19,162.24,158.01,158.31,27374516,160.19,162.24,158.01,158.31,27374516,0.0,1.0
2022-08-03 00:00:00+00:00,168.8,169.54,161.57,162.69,31717527,168.8,169.54,161.57,162.69,31717527,0.0,1.0
2022-08-04 00:00:00+00:00,170.57,172.15,166.8,168.295,23938212,170.57,172.15,166.8,168.295,23938212,0.0,1.0
2022-08-05 00:00:00+00:00,167.11,171.612,165.8,166.99,25832701,167.11,171.612,165.8,166.99,25832701,0.0,1.0
2022-08-08 00:00:00+00:00,170.25,177.51,167.13,168.0,27299113,170.25,177.51,167.13,168.0,27299113,0.0,1.0
2022-08-09 00:00:00+00:00,168.53,169.53,166.6,168.95,18655056,168.53,169.53,166.6,168.95,18655056,0.0,1.0
2022-08-10 00:00:00+00:00,178.34,180.48,173.95,175.99,30262132,178.34,180.48,173.95,175.99,30262132,0.0,1.0
2022-08-11 00:00:00+00:00,177.49,183.1,176.37,179.71,24079062,177.49,183.1,176.37,179.71,24079062,0.0,1.0
2022-08-12 00:00:00+00:00,180.5,181.4572,178.911,180.81,21274046,180.5,181.4572,178.911,180.81,21274046,0.0,1.0
2022-08-15 00:00:00+00:00,180.89,181.44,178.2,178.96,15878671,180.89,181.44,178.2,178.96,15878671,0.0,1.0
2022-08-16 00:00:00+00:00,179.47,180.99,177.035,179.44,21156710,179.47,180.99,177.035,179.44,21156710,0.0,1.0
2022-08-17 00:00:00+00:00,174.85,178.14,174.17,176.76,20118133,174.85,178.14,174.17,176.76,20118133,0.0,1.0
2022-08-18 00:00:00+00:00,174.66,175.76,171.86,174.34,18844451,174.66,175.76,171.86,174.34,18844451,0.0,1.0
2022-08-19 00:00:00+00:00,167.96,172.32,167.05,170.2,26240799,167.96,172.32,167.05,170.2,26240799,0.0,1.0
2022-08-22 00:00:00+00:00,163.05,165.49,162.26,165.49,19499711,163.05,165.49,162.26,165.49,19499711,0.0,1.0
2022-08-23 00:00:00+00:00,161.11,165.05,160.7,162.48,18111777,161.11,165.05,160.7,162.48,18111777,0.0,1.0
2022-08-24 00:00:00+00:00,163.26,165.46,159.77,160.6,20891481,163.26,165.46,159.77,160.6,20891481,0.0,1.0
2022-08-25 00:00:00+00:00,168.78,168.88,164.02,165.18,15550514,168.78,168.88,164.02,165.18,15550514,0.0,1.0
2022-08-26 00:00:00+00:00,161.78,170.92,161.6726,168.48,24023633,161.78,170.92,161.6726,168.48,24023633,0.0,1.0
2022-08-29 00:00:00+00:00,159.17,163.05,159.01,160.655,19771863,159.17,163.05,159.01,160.655,19771863,0.0,1.0
2022-08-30 00:00:00+00:00,157.16,161.66,155.91,160.355,19567948,157.16,161.66,155.91,160.355,19567948,0.0,1.0
2022-08-31 00:00:00+00:00,162.93,167.84,162.14,167.07,40952975,162.93,167.84,162.14,167.07,40952975,0.0,1.0
2022-09-01 00:00:00+00:00,165.36,167.3599,160.345,163.58,30145683,165.36,167.3599,160.345,163.58,30145683,0.0,1.0
2022-09-02 00:00:00+00:00,160.32,167.93,159.22,167.45,22634191,160.32,167.93,159.22,167.45,22634191,0.0,1.0
2022-09-06 00:00:00+00:00,158.54,161.69,157.69,160.1,19282598,158.54,161.69,157.69,160.1,19282598,0.0,1.0
2022-09-07 00:00:00+00:00,160.39,160.955,156.81,157.76,16831182,160.39,160.955,156.81,157.76,16831182,0.0,1.0
2022-09-08 00:00:00+00:00,162.06,162.23,157.74,158.71,22530785,162.06,162.23,157.74,158.71,22530785,0.0,1.0
2022-09-09 00:00:00+00:00,169.15,169.54,163.02,163.248,22129802,169.15,169.54,163.02,163.248,22129802,0.0,1.0
2022-09-12 00:00:00+00:00,168.96,171.39,167.28,167.39,23220405,168.96,171.39,167.28,167.39,23220405,0.0,1.0
2022-09-13 00:00:00+00:00,153.13,161.63,152.67,161.54,44444061,153.13,161.63,152.67,161.54,44444061,0.0,1.0
2022-09-14 00:00:00+00:00,151.47,153.54,149.05,153.33,43064195,151.47,153.54,149.05,153.33,43064195,0.0,1.0
2022-09-15 00:00:00+00:00,149.55,154.1984,148.7,149.8,34606348,149.55,154.1984,148.7,149.8,34606348,0.0,1.0
2022-09-16 00:00:00+00:00,146.29,148.58,144.2935,148.05,40122824,146.29,148.58,144.2935,148.05,40122824,0.0,1.0
2022-09-19 00:00:00+00:00,148.02,148.58,145.1,145.235,22169477,148.02,148.58,145.1,145.235,22169477,0.0,1.0
2022-09-20 00:00:00+00:00,146.09,148.84,145.22,145.775,23217350,146.09,148.84,145.22,145.775,23217350,0.0,1.0
2022-09-21 00:00:00+00:00,142.12,149.6,142.0,146.39,38338614,142.12,149.6,142.0,146.39,38338614,0.0,1.0
2022-09-22 00:00:00+00:00,142.82,144.58,140.87,141.55,34162531,142.82,144.58,140.87,141.55,34162531,0.0,1.0
2022-09-23 00:00:00+00:00,140.41,142.62,138.89,141.42,31710685,140.41,142.62,138.89,141.42,31710685,0.0,1.0
2022-09-26 00:00:00+00:00,136.37,142.24,136.19,140.12,30497021,136.37,142.24,136.19,140.12,30497021,0.0,1.0
2022-09-27 00:00:00+00:00,134.4,139.42,134.1201,137.92,30826471,134.4,139.42,134.1201,137.92,30826471,0.0,1.0
2022-09-28 00:00:00+00:00,141.61,142.03,134.27,134.62,32658478,141.61,142.03,134.27,134.62,32658478,0.0,1.0
2022-09-29 00:00:00+00:00,136.41,139.84,135.2,139.36,38985414,136.41,139.84,135.2,139.36,38985414,0.0,1.0
2022-09-30 00:00:00+00:00,135.68,140.99,135.5,136.05,33166393,135.68,140.99,135.5,136.05,33166393,0.0,1.0
2022-10-03 00:00:00+00:00,138.61,139.62,136.1,137.14,27723063,138.61,139.62,136.1,137.14,27723063,0.0,1.0
2022-10-04 00:00:00+00:00,140.28,142.3901,139.34,140.49,34670729,140.28,142.3901,139.34,140.49,34670729,0.0,1.0
2022-10-05 00:00:00+00:00,138.98,140.21,134.78,138.24,27979348,138.98,140.21,134.78,138.24,27979348,0.0,1.0
2022-10-06 00:00:00+00:00,139.07,141.45,136.6,137.715,36231056,139.07,141.45,136.6,137.715,36231056,0.0,1.0
2022-10-07 00:00:00+00:00,133.45,138.29,132.44,136.76,33214773,133.45,138.29,132.44,136.76,33214773,0.0,1.0
2022-10-10 00:00:00+00:00,133.79,136.11,131.87,133.55,24023982,133.79,136.11,131.87,133.55,24023982,0.0,1.0
2022-10-11 00:00:00+00:00,128.54,132.66,126.99,131.62,38481403,128.54,132.66,126.99,131.62,38481403,0.0,1.0
2022-10-12 00:00:00+00:00,127.5,129.67,126.25,128.32,34605245,127.5,129.67,126.25,128.32,34605245,0.0,1.0
2022-10-13 00:00:00+00:00,130.29,131.14,122.5301,123.53,34325715,130.29,131.14,122.5301,123.53,34325715,0.0,1.0
2022-10-14 00:00:00+00:00,126.76,131.79,126.52,131.0,23559407,126.76,131.79,126.52,131.0,23559407,0.0,1.0
2022-10-17 00:00:00+00:00,134.04,134.79,130.18,130.3,29612245,134.04,134.79,130.18,130.3,29612245,0.0,1.0
2022-10-18 00:00:00+00:00,132.8,137.8399,131.4,137.085,25444979,132.8,137.8399,131.4,137.085,25444979,0.0,1.0
2022-10-19 00:00:00+00:00,133.23,137.0,132.22,132.89,30691047,133.23,137.0,132.22,132.89,30691047,0.0,1.0
2022-10-20 00:00:00+00:00,131.53,136.77,131.31,132.93,26356276,131.53,136.77,131.31,132.93,26356276,0.0,1.0
2022-10-21 00:00:00+00:00,130.01,130.12,125.44,126.31,46348647,130.01,130.12,125.44,126.31,46348647,0.0,1.0
2022-10-24 00:00:00+00:00,129.72,133.48,124.57,127.25,63563447,129.72,133.48,124.57,127.25,63563447,0.0,1.0
2022-10-25 00:00:00+00:00,137.51,138.35,130.59,130.875,38433219,137.51,138.35,130.59,130.875,38433219,0.0,1.0
2022-10-26 00:00:00+00:00,129.82,135.55,128.53,131.68,89294679,129.82,135.55,128.53,131.68,89294679,0.0,1.0
2022-10-27 00:00:00+00:00,97.94,102.5,96.38,97.975,232316571,97.94,102.5,96.38,97.975,232316571,0.0,1.0
2022-10-28 00:00:00+00:00,99.2,100.85,97.51,99.58,95928306,99.2,100.85,97.51,99.58,95928306,0.0,1.0
2022-10-31 00:00:00+00:00,93.16,99.32,92.6,98.22,121361444,93.16,99.32,92.6,98.22,121361444,0.0,1.0
2022-11-01 00:00:00+00:00,95.2,97.49,93.55,94.33,110189617,95.2,97.49,93.55,94.33,110189617,0.0,1.0
2022-11-02 00:00:00+00:00,90.54,95.2,90.48,94.205,71821058,90.54,95.2,90.48,94.205,71821058,0.0,1.0
2022-11-03 00:00:00+00:00,88.91,90.4576,88.41,90.08,60664012,88.91,90.4576,88.41,90.08,60664012,0.0,1.0
2022-11-04 00:00:00+00:00,90.79,91.39,88.09,90.35,55638061,90.79,91.39,88.09,90.35,55638061,0.0,1.0
2022-11-07 00:00:00+00:00,96.72,96.88,93.1,94.78,81987295,96.72,96.88,93.1,94.78,81987295,0.0,1.0
2022-11-08 00:00:00+00:00,96.47,97.8,94.79,95.92,52088320,96.47,97.8,94.79,95.92,52088320,0.0,1.0
2022-11-09 00:00:00+00:00,101.47,104.9,100.74,101.72,107677284,101.47,104.9,100.74,101.72,107677284,0.0,1.0
2022-11-10 00:00:00+00:00,111.87,112.75,104.61,107.12,80670961,111.87,112.75,104.61,107.12,80670961,0.0,1.0
2022-11-11 00:00:00+00:00,113.02,114.9,108.81,109.23,59961742,113.02,114.9,108.81,109.23,59961742,0.0,1.0
2022-11-14 00:00:00+00:00,114.22,116.27,110.8,110.99,53394974,114.22,116.27,110.8,110.99,53394974,0.0,1.0
2022-11-15 00:00:00+00:00,117.08,118.74,114.4116,116.07,50670499,117.08,118.74,114.4116,116.07,50670499,0.0,1.0
2022-11-16 00:00:00+00:00,113.23,116.075,112.66,114.5,33287773,113.23,116.075,112.66,114.5,33287773,0.0,1.0
2022-11-17 00:00:00+00:00,111.45,112.33,109.8,110.41,35093822,111.45,112.33,109.8,110.41,35093822,0.0,1.0
2022-11-18 00:00:00+00:00,112.05,114.32,110.62,113.8,33357707,112.05,114.32,110.62,113.8,33357707,0.0,1.0
2022-11-21 00:00:00+00:00,109.86,112.3699,109.19,111.52,24351074,109.86,112.3699,109.19,111.52,24351074,0.0,1.0
2022-11-22 00:00:00+00:00,111.44,111.62,108.3216,109.86,29028963,111.44,111.62,108.3216,109.86,29028963,0.0,1.0
2022-11-23 00:00:00+00:00,112.24,112.67,110.73,111.72,21343083,112.24,112.67,110.73,111.72,21343083,0.0,1.0
2022-11-25 00:00:00+00:00,111.41,112.73,111.02,111.3,12007566,111.41,112.73,111.02,111.3,12007566,0.0,1.0
2022-11-28 00:00:00+00:00,108.78,112.04,108.38,110.78,23332816,108.78,112.04,108.38,110.78,23332816,0.0,1.0
2022-11-29 00:00:00+00:00,109.46,110.94,108.5437,109.54,23899238,109.46,110.94,108.5437,109.54,23899238,0.0,1.0
2022-11-30 00:00:00+00:00,118.1,118.16,109.38,109.505,43348557,118.1,118.16,109.38,109.505,43348557,0.0,1.0
2022-12-01 00:00:00+00:00,120.44,121.2,118.4,119.198,36551374,120.44,121.2,118.4,119.198,36551374,0.0,1.0
2022-12-02 00:00:00+00:00,123.49,124.04,117.61,117.83,39950464,123.49,124.04,117.61,117.83,39950464,0.0,1.0
2022-12-05 00:00:00+00:00,122.43,124.67,121.35,121.75,35474884,122.43,124.67,121.35,121.75,35474884,0.0,1.0
2022-12-06 00:00:00+00:00,114.12,120.55,113.74,119.91,43689183,114.12,120.55,113.74,119.91,43689183,0.0,1.0
2022-12-07 00:00:00+00:00,113.93,115.88,112.88,113.76,29461137,113.93,115.88,112.88,113.76,29461137,0.0,1.0
2022-12-08 00:00:00+00:00,115.33,117.34,114.59,116.39,30619418,115.33,117.34,114.59,116.39,30619418,0.0,1.0
2022-12-09 00:00:00+00:00,115.9,117.54,113.87,115.3,26033353,115.9,117.54,113.87,115.3,26033353,0.0,1.0
2022-12-12 00:00:00+00:00,114.71,115.72,113.14,115.18,24747064,114.71,115.72,113.14,115.18,24747064,0.0,1.0
2022-12-13 00:00:00+00:00,120.15,123.3,118.64,122.13,44701054,120.15,123.3,118.64,122.13,44701054,0.0,1.0
2022-12-14 00:00:00+00:00,121.59,124.14,119.39,119.39,36922037,121.59,124.14,119.39,119.39,36922037,0.0,1.0
2022-12-15 00:00:00+00:00,116.15,118.625,114.01,118.33,34530970,116.15,118.625,114.01,118.33,34530970,0.0,1.0
2022-12-16 00:00:00+00:00,119.43,123.31,118.8214,120.23,67064001,119.43,123.31,118.8214,120.23,67064001,0.0,1.0
2022-12-19 00:00:00+00:00,114.48,117.8,114.331,116.83,29769875,114.48,117.8,114.331,116.83,29769875,0.0,1.0
